user,artist,plays
user_0001,Adele,71
user_0001,Ed Sheeran,32
user_0001,Dua Lipa,104
user_0001,Ariana Grande,65
user_0001,Katy Perry,70
user_0001,Justin Bieber,57
user_0001,Bruno Mars,38
user_0001,Taylor Swift,113
user_0001,Arijit Singh,34
user_0001,Sonu Nigam,14
user_0001,A.R. Rahman,27
user_0001,Shreya Ghoshal,10
user_0001,Sunidhi Chauhan,32
user_0002,Martin Garrix,35
user_0002,David Guetta,95
user_0002,Marshmello,88
user_0002,Zedd,113
user_0002,Kygo,95
user_0002,Alan Walker,57
user_0002,Avicii,117
user_0002,Nicki Minaj,22
user_0002,Drake,16
user_0002,Eminem,13
user_0002,Kendrick Lamar,25
user_0003,Marshmello,49
user_0003,Zedd,44
user_0003,Alan Walker,88
user_0003,Calvin Harris,84
user_0003,David Guetta,34
user_0003,Avicii,104
user_0003,Martin Garrix,40
user_0003,Kygo,101
user_0004,Ed Sheeran,87
user_0004,Dua Lipa,86
user_0004,Katy Perry,67
user_0004,Adele,106
user_0004,Justin Bieber,77
user_0004,Taylor Swift,27
user_0004,Bruno Mars,97
user_0004,Ariana Grande,78
user_0004,Avicii,17
user_0004,Calvin Harris,20
user_0004,Martin Garrix,40
user_0005,Coldplay,63
user_0005,Foo Fighters,86
user_0005,Linkin Park,32
user_0005,OneRepublic,76
user_0005,The Killers,71
user_0005,Imagine Dragons,99
user_0005,Shreya Ghoshal,8
user_0005,Pritam,32
user_0005,A.R. Rahman,31
user_0005,Sonu Nigam,30
user_0006,A.R. Rahman,83
user_0006,Sonu Nigam,81
user_0006,Pritam,56
user_0006,Sunidhi Chauhan,116
user_0006,Shreya Ghoshal,28
user_0006,Arijit Singh,54
user_0006,Badshah,31
user_0006,Neha Kakkar,54
user_0007,J. Cole,28
user_0007,Drake,29
user_0007,Travis Scott,65
user_0007,Cardi B,111
user_0007,Post Malone,32
user_0007,Nicki Minaj,66
user_0007,Kendrick Lamar,91
user_0007,The Killers,28
user_0007,Imagine Dragons,20
user_0007,Linkin Park,16
user_0007,OneRepublic,27
user_0007,Maroon 5,10
user_0008,Sonu Nigam,86
user_0008,Arijit Singh,34
user_0008,Pritam,88
user_0008,A.R. Rahman,30
user_0008,Badshah,37
user_0008,Shreya Ghoshal,79
user_0008,The Killers,39
user_0008,Linkin Park,20
user_0008,OneRepublic,22
user_0008,Maroon 5,21
user_0008,Green Day,33
user_0009,Adele,46
user_0009,Dua Lipa,116
user_0009,Ed Sheeran,53
user_0009,Katy Perry,75
user_0009,Bruno Mars,72
user_0009,Taylor Swift,105
user_0009,Pritam,16
user_0009,Arijit Singh,8
user_0009,Badshah,28
user_0009,Sonu Nigam,29
user_0010,Katy Perry,43
user_0010,Adele,43
user_0010,Ariana Grande,23
user_0010,Bruno Mars,34
user_0010,Taylor Swift,76
user_0010,Dua Lipa,75
user_0011,Imagine Dragons,38
user_0011,The Killers,36
user_0011,OneRepublic,73
user_0011,Maroon 5,24
user_0011,Foo Fighters,50
user_0011,Linkin Park,63
user_0011,Green Day,117
user_0012,J. Cole,53
user_0012,Eminem,86
user_0012,Kendrick Lamar,61
user_0012,Travis Scott,57
user_0012,Post Malone,109
user_0012,Drake,29
user_0012,The Killers,9
user_0012,Foo Fighters,7
user_0012,Coldplay,34
user_0013,Drake,98
user_0013,Travis Scott,52
user_0013,Nicki Minaj,118
user_0013,Eminem,70
user_0013,J. Cole,70
user_0013,Kendrick Lamar,63
user_0013,Adele,39
user_0013,Katy Perry,9
user_0013,Ed Sheeran,15
user_0014,Shreya Ghoshal,32
user_0014,A.R. Rahman,77
user_0014,Pritam,113
user_0014,Sonu Nigam,28
user_0014,Neha Kakkar,60
user_0014,Badshah,118
user_0014,Sunidhi Chauhan,50
user_0014,Arijit Singh,33
user_0014,The Killers,27
user_0014,OneRepublic,35
user_0014,Imagine Dragons,8
user_0014,Green Day,31
user_0014,Maroon 5,10
user_0015,Marshmello,21
user_0015,Avicii,87
user_0015,David Guetta,31
user_0015,Alan Walker,49
user_0015,Martin Garrix,103
user_0015,Calvin Harris,45
user_0015,Kygo,100
user_0015,The Killers,19
user_0015,OneRepublic,9
user_0015,Green Day,18
user_0015,Foo Fighters,38
user_0016,Sunidhi Chauhan,104
user_0016,Pritam,102
user_0016,Sonu Nigam,116
user_0016,Shreya Ghoshal,30
user_0016,Badshah,109
user_0016,Neha Kakkar,26
user_0016,Maroon 5,10
user_0016,Green Day,37
user_0016,Imagine Dragons,38
user_0017,Shreya Ghoshal,37
user_0017,Badshah,103
user_0017,Neha Kakkar,25
user_0017,A.R. Rahman,63
user_0017,Arijit Singh,79
user_0017,Sunidhi Chauhan,72
user_0017,Calvin Harris,22
user_0017,Alan Walker,11
user_0017,David Guetta,37
user_0017,Zedd,13
user_0017,Martin Garrix,13
user_0018,OneRepublic,30
user_0018,Maroon 5,25
user_0018,The Killers,60
user_0018,Imagine Dragons,113
user_0018,Coldplay,89
user_0018,Linkin Park,30
user_0018,Foo Fighters,104
user_0019,Drake,103
user_0019,Kendrick Lamar,74
user_0019,Post Malone,52
user_0019,Nicki Minaj,71
user_0019,Cardi B,117
user_0019,Travis Scott,106
user_0019,Martin Garrix,22
user_0019,Alan Walker,10
user_0019,Avicii,20
user_0019,Calvin Harris,26
user_0020,Coldplay,87
user_0020,Linkin Park,112
user_0020,OneRepublic,106
user_0020,The Killers,68
user_0020,Foo Fighters,97
user_0020,Green Day,53
user_0020,Imagine Dragons,66
user_0021,Pritam,80
user_0021,A.R. Rahman,90
user_0021,Sunidhi Chauhan,70
user_0021,Neha Kakkar,106
user_0021,Badshah,112
user_0021,Arijit Singh,33
user_0021,Shreya Ghoshal,116
user_0021,Martin Garrix,39
user_0021,Calvin Harris,39
user_0021,Marshmello,11
user_0021,David Guetta,33
user_0022,Pritam,82
user_0022,Badshah,36
user_0022,Sonu Nigam,37
user_0022,Arijit Singh,33
user_0022,Neha Kakkar,77
user_0022,Sunidhi Chauhan,20
user_0022,A.R. Rahman,77
user_0022,Zedd,26
user_0022,Calvin Harris,10
user_0022,David Guetta,38
user_0022,Kygo,35
user_0023,Taylor Swift,110
user_0023,Ariana Grande,102
user_0023,Katy Perry,97
user_0023,Dua Lipa,84
user_0023,Bruno Mars,47
user_0023,Ed Sheeran,100
user_0023,Justin Bieber,56
user_0023,Adele,73
user_0023,Green Day,11
user_0023,Foo Fighters,24
user_0023,Coldplay,39
user_0023,Linkin Park,38
user_0023,OneRepublic,17
user_0024,Martin Garrix,108
user_0024,Avicii,84
user_0024,Calvin Harris,32
user_0024,Marshmello,32
user_0024,Alan Walker,68
user_0024,Zedd,79
user_0024,Kygo,23
user_0024,Katy Perry,20
user_0024,Bruno Mars,5
user_0024,Ariana Grande,15
user_0024,Dua Lipa,23
user_0025,Kendrick Lamar,120
user_0025,J. Cole,22
user_0025,Travis Scott,87
user_0025,Eminem,33
user_0025,Cardi B,85
user_0025,Post Malone,82
user_0025,Drake,29
user_0025,Nicki Minaj,88
user_0025,Maroon 5,12
user_0025,Imagine Dragons,5
user_0025,The Killers,37
user_0026,Coldplay,105
user_0026,OneRepublic,44
user_0026,Imagine Dragons,25
user_0026,Linkin Park,87
user_0026,Foo Fighters,100
user_0026,The Killers,117
user_0026,Green Day,113
user_0027,Cardi B,28
user_0027,Nicki Minaj,105
user_0027,Drake,65
user_0027,J. Cole,35
user_0027,Kendrick Lamar,102
user_0027,Travis Scott,94
user_0027,Post Malone,25
user_0027,Eminem,39
user_0027,Justin Bieber,6
user_0027,Katy Perry,12
user_0027,Ariana Grande,36
user_0027,Adele,21
user_0027,Dua Lipa,30
user_0028,Arijit Singh,84
user_0028,Shreya Ghoshal,108
user_0028,Badshah,77
user_0028,A.R. Rahman,65
user_0028,Neha Kakkar,34
user_0028,Sunidhi Chauhan,45
user_0028,Kendrick Lamar,10
user_0028,Cardi B,10
user_0028,Travis Scott,21
user_0028,Post Malone,23
user_0029,Kygo,81
user_0029,David Guetta,60
user_0029,Martin Garrix,84
user_0029,Marshmello,118
user_0029,Zedd,61
user_0029,Alan Walker,35
user_0029,Avicii,61
user_0029,J. Cole,22
user_0029,Travis Scott,10
user_0029,Eminem,13
user_0029,Drake,8
user_0030,Shreya Ghoshal,39
user_0030,Neha Kakkar,63
user_0030,Badshah,73
user_0030,Sonu Nigam,83
user_0030,Pritam,73
user_0030,A.R. Rahman,56
user_0030,Sunidhi Chauhan,117
user_0030,Nicki Minaj,14
user_0030,J. Cole,33
user_0030,Post Malone,13
user_0031,Maroon 5,77
user_0031,OneRepublic,53
user_0031,Coldplay,69
user_0031,Imagine Dragons,37
user_0031,Green Day,93
user_0031,The Killers,51
user_0031,Foo Fighters,26
user_0031,Calvin Harris,13
user_0031,David Guetta,26
user_0031,Kygo,29
user_0031,Martin Garrix,9
user_0032,Pritam,59
user_0032,A.R. Rahman,113
user_0032,Neha Kakkar,84
user_0032,Shreya Ghoshal,53
user_0032,Sonu Nigam,21
user_0032,Sunidhi Chauhan,88
user_0032,Arijit Singh,41
user_0032,Katy Perry,33
user_0032,Dua Lipa,40
user_0032,Taylor Swift,28
user_0032,Justin Bieber,10
user_0032,Adele,23
user_0033,Pritam,111
user_0033,A.R. Rahman,115
user_0033,Sonu Nigam,24
user_0033,Shreya Ghoshal,83
user_0033,Arijit Singh,43
user_0033,Sunidhi Chauhan,39
user_0033,Badshah,49
user_0033,Neha Kakkar,39
user_0033,Marshmello,27
user_0033,Martin Garrix,25
user_0033,Alan Walker,28
user_0033,Zedd,19
user_0034,Marshmello,97
user_0034,Kygo,89
user_0034,Calvin Harris,106
user_0034,Alan Walker,57
user_0034,David Guetta,70
user_0034,Martin Garrix,63
user_0034,Avicii,111
user_0034,Zedd,50
user_0035,Badshah,59
user_0035,Pritam,37
user_0035,Shreya Ghoshal,20
user_0035,Sonu Nigam,54
user_0035,Sunidhi Chauhan,51
user_0035,Neha Kakkar,39
user_0035,Arijit Singh,46
user_0036,Taylor Swift,119
user_0036,Ariana Grande,101
user_0036,Justin Bieber,82
user_0036,Dua Lipa,108
user_0036,Adele,68
user_0036,Katy Perry,119
user_0036,Ed Sheeran,96
user_0036,Bruno Mars,85
user_0036,Nicki Minaj,7
user_0036,J. Cole,9
user_0036,Post Malone,23
user_0037,Martin Garrix,95
user_0037,David Guetta,84
user_0037,Avicii,54
user_0037,Calvin Harris,20
user_0037,Alan Walker,32
user_0037,Zedd,50
user_0037,Kygo,24
user_0037,Marshmello,71
user_0037,J. Cole,8
user_0037,Kendrick Lamar,12
user_0037,Cardi B,24
user_0037,Travis Scott,24
user_0037,Drake,33
user_0038,Green Day,86
user_0038,Imagine Dragons,98
user_0038,OneRepublic,20
user_0038,The Killers,107
user_0038,Linkin Park,94
user_0038,Foo Fighters,94
user_0038,Maroon 5,59
user_0038,Coldplay,100
user_0038,Post Malone,5
user_0038,Eminem,39
user_0038,Drake,23
user_0039,Linkin Park,98
user_0039,Coldplay,106
user_0039,Foo Fighters,111
user_0039,OneRepublic,50
user_0039,Maroon 5,91
user_0039,The Killers,79
user_0039,Imagine Dragons,65
user_0039,Green Day,60
user_0039,Pritam,34
user_0039,Neha Kakkar,24
user_0039,Sonu Nigam,40
user_0039,Sunidhi Chauhan,27
user_0039,Arijit Singh,15
user_0040,Kygo,112
user_0040,Avicii,42
user_0040,Marshmello,70
user_0040,Alan Walker,54
user_0040,Calvin Harris,33
user_0040,Zedd,30
user_0040,Martin Garrix,56
user_0040,OneRepublic,27
user_0040,Maroon 5,36
user_0040,Coldplay,17
user_0041,Pritam,52
user_0041,Sonu Nigam,109
user_0041,Shreya Ghoshal,111
user_0041,Badshah,50
user_0041,Sunidhi Chauhan,73
user_0041,Neha Kakkar,119
user_0041,A.R. Rahman,94
user_0041,Zedd,10
user_0041,Martin Garrix,17
user_0041,Marshmello,36
user_0041,Alan Walker,5
user_0042,Imagine Dragons,79
user_0042,Green Day,88
user_0042,Foo Fighters,45
user_0042,OneRepublic,102
user_0042,The Killers,87
user_0042,Linkin Park,111
user_0043,Arijit Singh,63
user_0043,Shreya Ghoshal,34
user_0043,Badshah,23
user_0043,Sunidhi Chauhan,114
user_0043,Pritam,116
user_0043,A.R. Rahman,94
user_0043,Ariana Grande,14
user_0043,Ed Sheeran,23
user_0043,Taylor Swift,33
user_0044,Green Day,118
user_0044,The Killers,50
user_0044,OneRepublic,69
user_0044,Linkin Park,59
user_0044,Maroon 5,43
user_0044,Coldplay,62
user_0044,Taylor Swift,6
user_0044,Adele,16
user_0044,Ariana Grande,19
user_0044,Katy Perry,20
user_0045,Neha Kakkar,95
user_0045,Arijit Singh,53
user_0045,Badshah,44
user_0045,Sunidhi Chauhan,113
user_0045,Sonu Nigam,68
user_0045,A.R. Rahman,24
user_0045,Pritam,69
user_0045,Shreya Ghoshal,66
user_0045,Taylor Swift,38
user_0045,Dua Lipa,8
user_0045,Bruno Mars,5
user_0046,Cardi B,79
user_0046,Nicki Minaj,89
user_0046,J. Cole,105
user_0046,Kendrick Lamar,69
user_0046,Eminem,20
user_0046,Post Malone,48
user_0046,Pritam,14
user_0046,Sunidhi Chauhan,13
user_0046,Badshah,38
user_0047,Arijit Singh,80
user_0047,Sunidhi Chauhan,49
user_0047,Sonu Nigam,41
user_0047,Neha Kakkar,72
user_0047,A.R. Rahman,61
user_0047,Shreya Ghoshal,84
user_0047,Pritam,52
user_0047,Travis Scott,10
user_0047,Kendrick Lamar,28
user_0047,Post Malone,31
user_0048,Cardi B,26
user_0048,J. Cole,37
user_0048,Kendrick Lamar,100
user_0048,Nicki Minaj,71
user_0048,Travis Scott,32
user_0048,Eminem,120
user_0048,Drake,46
user_0048,Post Malone,20
user_0048,Sonu Nigam,24
user_0048,Arijit Singh,10
user_0048,Sunidhi Chauhan,27
user_0048,A.R. Rahman,11
user_0048,Badshah,14
user_0049,Avicii,80
user_0049,Marshmello,35
user_0049,Martin Garrix,43
user_0049,Alan Walker,105
user_0049,Kygo,108
user_0049,Zedd,104
user_0049,OneRepublic,24
user_0049,The Killers,31
user_0049,Foo Fighters,32
user_0050,Sonu Nigam,56
user_0050,Neha Kakkar,72
user_0050,Badshah,63
user_0050,A.R. Rahman,61
user_0050,Pritam,114
user_0050,Arijit Singh,29
user_0051,Kygo,112
user_0051,Zedd,44
user_0051,Alan Walker,41
user_0051,David Guetta,54
user_0051,Marshmello,67
user_0051,Martin Garrix,108
user_0051,Avicii,94
user_0052,Martin Garrix,111
user_0052,David Guetta,90
user_0052,Marshmello,107
user_0052,Alan Walker,106
user_0052,Calvin Harris,100
user_0052,Zedd,70
user_0052,Kygo,30
user_0052,Shreya Ghoshal,36
user_0052,Badshah,27
user_0052,Sunidhi Chauhan,19
user_0052,Pritam,27
user_0052,Arijit Singh,16
user_0053,Maroon 5,58
user_0053,Coldplay,56
user_0053,The Killers,59
user_0053,Imagine Dragons,97
user_0053,OneRepublic,33
user_0053,Linkin Park,53
user_0053,Foo Fighters,36
user_0053,Justin Bieber,32
user_0053,Katy Perry,26
user_0053,Ed Sheeran,36
user_0053,Taylor Swift,17
user_0054,The Killers,29
user_0054,OneRepublic,116
user_0054,Foo Fighters,44
user_0054,Green Day,85
user_0054,Coldplay,88
user_0054,Maroon 5,70
user_0054,Linkin Park,109
user_0054,Katy Perry,32
user_0054,Dua Lipa,37
user_0054,Ed Sheeran,8
user_0055,Post Malone,102
user_0055,Drake,105
user_0055,Eminem,95
user_0055,Travis Scott,82
user_0055,J. Cole,60
user_0055,Kendrick Lamar,74
user_0055,Cardi B,72
user_0055,Taylor Swift,31
user_0055,Dua Lipa,15
user_0055,Justin Bieber,35
user_0055,Katy Perry,18
user_0056,Post Malone,30
user_0056,Kendrick Lamar,58
user_0056,Drake,46
user_0056,Nicki Minaj,37
user_0056,Eminem,105
user_0056,Travis Scott,82
user_0056,Cardi B,38
user_0056,Justin Bieber,36
user_0056,Ed Sheeran,31
user_0056,Katy Perry,17
user_0056,Taylor Swift,24
user_0057,A.R. Rahman,69
user_0057,Sunidhi Chauhan,65
user_0057,Sonu Nigam,73
user_0057,Shreya Ghoshal,59
user_0057,Neha Kakkar,74
user_0057,Badshah,103
user_0057,Pritam,63
user_0057,Arijit Singh,56
user_0057,Justin Bieber,10
user_0057,Taylor Swift,10
user_0057,Bruno Mars,18
user_0058,A.R. Rahman,66
user_0058,Sunidhi Chauhan,118
user_0058,Sonu Nigam,60
user_0058,Neha Kakkar,73
user_0058,Badshah,73
user_0058,Arijit Singh,86
user_0058,Pritam,38
user_0058,Shreya Ghoshal,104
user_0059,J. Cole,100
user_0059,Post Malone,86
user_0059,Drake,82
user_0059,Cardi B,25
user_0059,Eminem,95
user_0059,Travis Scott,84
user_0059,Kendrick Lamar,100
user_0059,Nicki Minaj,103
user_0060,OneRepublic,100
user_0060,Linkin Park,33
user_0060,The Killers,63
user_0060,Coldplay,35
user_0060,Green Day,99
user_0060,Foo Fighters,83
user_0060,Maroon 5,70
user_0061,Foo Fighters,73
user_0061,Maroon 5,54
user_0061,The Killers,76
user_0061,Imagine Dragons,37
user_0061,Coldplay,29
user_0061,OneRepublic,88
user_0061,Green Day,119
user_0061,Drake,32
user_0061,Nicki Minaj,28
user_0061,Cardi B,11
user_0061,J. Cole,15
user_0061,Post Malone,18
user_0062,Cardi B,62
user_0062,Eminem,39
user_0062,J. Cole,85
user_0062,Post Malone,60
user_0062,Kendrick Lamar,54
user_0062,Travis Scott,90
user_0062,Nicki Minaj,61
user_0062,Drake,66
user_0062,Shreya Ghoshal,36
user_0062,Sunidhi Chauhan,16
user_0062,Arijit Singh,33
user_0062,Sonu Nigam,12
user_0062,Pritam,10
user_0063,Calvin Harris,88
user_0063,Avicii,112
user_0063,Martin Garrix,111
user_0063,Zedd,94
user_0063,Marshmello,40
user_0063,David Guetta,117
user_0063,Alan Walker,74
user_0063,Kygo,75
user_0064,Alan Walker,74
user_0064,Martin Garrix,22
user_0064,David Guetta,74
user_0064,Avicii,60
user_0064,Calvin Harris,90
user_0064,Zedd,108
user_0064,Marshmello,117
user_0064,Dua Lipa,27
user_0064,Bruno Mars,34
user_0064,Ariana Grande,17
user_0064,Katy Perry,34
user_0064,Ed Sheeran,13
user_0065,Badshah,83
user_0065,A.R. Rahman,66
user_0065,Arijit Singh,90
user_0065,Neha Kakkar,44
user_0065,Shreya Ghoshal,81
user_0065,Sonu Nigam,85
user_0065,Pritam,84
user_0065,Sunidhi Chauhan,49
user_0065,Imagine Dragons,11
user_0065,The Killers,18
user_0065,Linkin Park,5
user_0065,Green Day,6
user_0066,Foo Fighters,48
user_0066,OneRepublic,39
user_0066,Linkin Park,115
user_0066,Coldplay,35
user_0066,The Killers,22
user_0066,Imagine Dragons,62
user_0066,Green Day,60
user_0067,Avicii,42
user_0067,Marshmello,87
user_0067,Martin Garrix,65
user_0067,David Guetta,31
user_0067,Calvin Harris,91
user_0067,Kygo,104
user_0067,Dua Lipa,28
user_0067,Ariana Grande,5
user_0067,Ed Sheeran,40
user_0067,Bruno Mars,5
user_0068,Nicki Minaj,37
user_0068,Post Malone,62
user_0068,Drake,41
user_0068,J. Cole,25
user_0068,Eminem,57
user_0068,Cardi B,87
user_0068,The Killers,31
user_0068,Foo Fighters,30
user_0068,Maroon 5,33
user_0068,Linkin Park,11
user_0068,Green Day,22
user_0069,The Killers,42
user_0069,Green Day,20
user_0069,Linkin Park,28
user_0069,Coldplay,64
user_0069,Foo Fighters,105
user_0069,OneRepublic,98
user_0069,Maroon 5,29
user_0069,Imagine Dragons,23
user_0069,Alan Walker,24
user_0069,Kygo,21
user_0069,Martin Garrix,34
user_0069,Marshmello,6
user_0069,Zedd,8
user_0070,Sunidhi Chauhan,57
user_0070,Shreya Ghoshal,61
user_0070,A.R. Rahman,42
user_0070,Neha Kakkar,83
user_0070,Pritam,41
user_0070,Badshah,85
user_0070,Sonu Nigam,95
user_0070,Alan Walker,34
user_0070,Zedd,7
user_0070,Avicii,19
user_0071,Marshmello,65
user_0071,Kygo,39
user_0071,Avicii,82
user_0071,Zedd,42
user_0071,David Guetta,67
user_0071,Martin Garrix,86
user_0071,Alan Walker,115
user_0071,Calvin Harris,49
user_0071,Katy Perry,5
user_0071,Bruno Mars,24
user_0071,Dua Lipa,6
user_0071,Justin Bieber,38
user_0072,Kygo,96
user_0072,David Guetta,47
user_0072,Zedd,33
user_0072,Calvin Harris,72
user_0072,Alan Walker,36
user_0072,Avicii,51
user_0072,Marshmello,65
user_0072,Arijit Singh,33
user_0072,Shreya Ghoshal,11
user_0072,Badshah,35
user_0072,Pritam,37
user_0072,Sunidhi Chauhan,8
user_0073,Badshah,41
user_0073,Pritam,110
user_0073,Sunidhi Chauhan,30
user_0073,Shreya Ghoshal,61
user_0073,Arijit Singh,40
user_0073,A.R. Rahman,30
user_0073,Sonu Nigam,62
user_0073,Neha Kakkar,72
user_0073,Adele,23
user_0073,Dua Lipa,17
user_0073,Ariana Grande,17
user_0073,Ed Sheeran,14
user_0074,Kendrick Lamar,82
user_0074,Travis Scott,61
user_0074,Post Malone,32
user_0074,J. Cole,40
user_0074,Cardi B,106
user_0074,Nicki Minaj,117
user_0074,Eminem,96
user_0075,David Guetta,101
user_0075,Kygo,113
user_0075,Avicii,37
user_0075,Marshmello,100
user_0075,Martin Garrix,118
user_0075,Zedd,52
user_0075,Alan Walker,70
user_0075,The Killers,16
user_0075,Maroon 5,12
user_0075,OneRepublic,11
user_0075,Imagine Dragons,40
user_0075,Linkin Park,8
user_0076,Marshmello,93
user_0076,David Guetta,59
user_0076,Avicii,98
user_0076,Kygo,53
user_0076,Alan Walker,47
user_0076,Zedd,65
user_0076,Martin Garrix,117
user_0076,Calvin Harris,77
user_0076,Maroon 5,18
user_0076,Imagine Dragons,24
user_0076,OneRepublic,8
user_0076,Foo Fighters,16
user_0077,Ed Sheeran,118
user_0077,Adele,113
user_0077,Ariana Grande,38
user_0077,Dua Lipa,80
user_0077,Bruno Mars,30
user_0077,Justin Bieber,87
user_0077,Katy Perry,120
user_0078,Dua Lipa,22
user_0078,Katy Perry,53
user_0078,Ed Sheeran,95
user_0078,Adele,35
user_0078,Bruno Mars,106
user_0078,Justin Bieber,44
user_0078,Taylor Swift,70
user_0078,Ariana Grande,40
user_0078,Sunidhi Chauhan,35
user_0078,Neha Kakkar,25
user_0078,A.R. Rahman,7
user_0078,Badshah,14
user_0079,Avicii,106
user_0079,David Guetta,106
user_0079,Marshmello,38
user_0079,Alan Walker,114
user_0079,Kygo,80
user_0079,Calvin Harris,117
user_0079,J. Cole,13
user_0079,Eminem,25
user_0079,Kendrick Lamar,27
user_0080,Cardi B,48
user_0080,Post Malone,91
user_0080,Kendrick Lamar,50
user_0080,J. Cole,93
user_0080,Travis Scott,108
user_0080,Nicki Minaj,26
user_0080,Eminem,22
user_0080,Drake,114
user_0080,Sunidhi Chauhan,33
user_0080,Badshah,27
user_0080,Neha Kakkar,9
user_0080,Shreya Ghoshal,6
user_0081,Arijit Singh,115
user_0081,Sunidhi Chauhan,40
user_0081,Sonu Nigam,60
user_0081,Shreya Ghoshal,42
user_0081,Badshah,101
user_0081,Neha Kakkar,61
user_0081,A.R. Rahman,118
user_0081,Martin Garrix,12
user_0081,Zedd,24
user_0081,Avicii,18
user_0081,David Guetta,40
user_0081,Calvin Harris,22
user_0082,J. Cole,112
user_0082,Drake,31
user_0082,Cardi B,48
user_0082,Post Malone,26
user_0082,Kendrick Lamar,20
user_0082,Eminem,104
user_0082,Travis Scott,114
user_0082,Katy Perry,33
user_0082,Justin Bieber,21
user_0082,Ariana Grande,40
user_0083,Adele,88
user_0083,Ariana Grande,107
user_0083,Katy Perry,32
user_0083,Justin Bieber,91
user_0083,Dua Lipa,74
user_0083,Ed Sheeran,103
user_0084,Kygo,64
user_0084,Alan Walker,91
user_0084,Marshmello,97
user_0084,Martin Garrix,68
user_0084,Zedd,66
user_0084,Calvin Harris,66
user_0084,Avicii,107
user_0084,David Guetta,59
user_0084,Taylor Swift,21
user_0084,Justin Bieber,11
user_0084,Adele,38
user_0084,Katy Perry,35
user_0085,Martin Garrix,87
user_0085,David Guetta,114
user_0085,Alan Walker,107
user_0085,Marshmello,118
user_0085,Kygo,24
user_0085,Avicii,43
user_0085,Coldplay,25
user_0085,Imagine Dragons,18
user_0085,Green Day,37
user_0086,Maroon 5,55
user_0086,Imagine Dragons,31
user_0086,The Killers,29
user_0086,OneRepublic,67
user_0086,Foo Fighters,42
user_0086,Linkin Park,61
user_0086,Green Day,64
user_0087,Drake,63
user_0087,Nicki Minaj,101
user_0087,Cardi B,43
user_0087,Eminem,97
user_0087,Post Malone,92
user_0087,Kendrick Lamar,111
user_0087,Travis Scott,37
user_0088,Calvin Harris,120
user_0088,Zedd,29
user_0088,Marshmello,69
user_0088,Martin Garrix,71
user_0088,David Guetta,68
user_0088,Avicii,113
user_0088,Badshah,5
user_0088,Sunidhi Chauhan,21
user_0088,Shreya Ghoshal,22
user_0088,A.R. Rahman,37
user_0088,Pritam,15
user_0089,Sonu Nigam,83
user_0089,Shreya Ghoshal,50
user_0089,Sunidhi Chauhan,55
user_0089,Arijit Singh,63
user_0089,Neha Kakkar,86
user_0089,Pritam,98
user_0089,A.R. Rahman,87
user_0089,Badshah,113
user_0089,Cardi B,22
user_0089,Travis Scott,21
user_0089,Kendrick Lamar,24
user_0089,Nicki Minaj,12
user_0090,A.R. Rahman,30
user_0090,Arijit Singh,116
user_0090,Sonu Nigam,101
user_0090,Pritam,35
user_0090,Neha Kakkar,48
user_0090,Badshah,39
user_0090,Shreya Ghoshal,59
user_0090,Sunidhi Chauhan,49
user_0090,Katy Perry,22
user_0090,Ed Sheeran,33
user_0090,Bruno Mars,10
user_0090,Ariana Grande,19
user_0090,Dua Lipa,14
user_0091,OneRepublic,99
user_0091,The Killers,78
user_0091,Green Day,95
user_0091,Coldplay,31
user_0091,Foo Fighters,102
user_0091,Imagine Dragons,40
user_0092,Sunidhi Chauhan,111
user_0092,Arijit Singh,95
user_0092,Badshah,37
user_0092,Pritam,51
user_0092,Shreya Ghoshal,38
user_0092,Sonu Nigam,47
user_0092,Katy Perry,32
user_0092,Ed Sheeran,7
user_0092,Bruno Mars,38
user_0092,Dua Lipa,18
user_0093,Shreya Ghoshal,56
user_0093,Neha Kakkar,66
user_0093,Arijit Singh,96
user_0093,Badshah,28
user_0093,Sunidhi Chauhan,91
user_0093,Pritam,21
user_0093,Sonu Nigam,78
user_0093,Martin Garrix,33
user_0093,Marshmello,7
user_0093,Calvin Harris,35
user_0093,Kygo,32
user_0094,J. Cole,54
user_0094,Eminem,120
user_0094,Cardi B,76
user_0094,Kendrick Lamar,82
user_0094,Travis Scott,49
user_0094,Post Malone,41
user_0094,Drake,37
user_0094,Nicki Minaj,42
user_0094,Dua Lipa,29
user_0094,Justin Bieber,11
user_0094,Ariana Grande,31
user_0094,Taylor Swift,11
user_0095,Imagine Dragons,54
user_0095,OneRepublic,117
user_0095,Foo Fighters,76
user_0095,Coldplay,46
user_0095,Maroon 5,20
user_0095,Linkin Park,63
user_0095,The Killers,119
user_0095,Green Day,63
user_0095,Martin Garrix,5
user_0095,Calvin Harris,25
user_0095,Avicii,25
user_0095,Kygo,18
user_0095,Zedd,40
user_0096,Post Malone,95
user_0096,Nicki Minaj,35
user_0096,Travis Scott,57
user_0096,Cardi B,43
user_0096,Eminem,39
user_0096,J. Cole,37
user_0096,Dua Lipa,9
user_0096,Ariana Grande,40
user_0096,Adele,10
user_0096,Katy Perry,19
user_0097,Calvin Harris,40
user_0097,Martin Garrix,37
user_0097,Alan Walker,38
user_0097,Avicii,60
user_0097,Marshmello,66
user_0097,Zedd,44
user_0097,Kygo,49
user_0098,Foo Fighters,113
user_0098,Linkin Park,42
user_0098,The Killers,60
user_0098,OneRepublic,105
user_0098,Green Day,83
user_0098,Coldplay,60
user_0098,Imagine Dragons,45
user_0098,Maroon 5,23
user_0098,Avicii,35
user_0098,Zedd,13
user_0098,Alan Walker,35
user_0098,David Guetta,7
user_0099,OneRepublic,36
user_0099,Maroon 5,114
user_0099,The Killers,30
user_0099,Coldplay,93
user_0099,Foo Fighters,118
user_0099,Imagine Dragons,64
user_0099,Linkin Park,25
user_0099,Post Malone,40
user_0099,Kendrick Lamar,13
user_0099,Nicki Minaj,16
user_0099,Eminem,23
user_0099,Drake,29
user_0100,Sunidhi Chauhan,45
user_0100,Badshah,72
user_0100,Shreya Ghoshal,100
user_0100,Neha Kakkar,39
user_0100,Sonu Nigam,54
user_0100,A.R. Rahman,100
user_0100,Pritam,65
user_0100,Kendrick Lamar,7
user_0100,Travis Scott,40
user_0100,Cardi B,12
user_0100,Nicki Minaj,8
user_0100,Eminem,26
user_0101,Arijit Singh,45
user_0101,Shreya Ghoshal,97
user_0101,Badshah,40
user_0101,A.R. Rahman,54
user_0101,Neha Kakkar,43
user_0101,Pritam,81
user_0101,Sonu Nigam,49
user_0102,Zedd,107
user_0102,Martin Garrix,95
user_0102,Kygo,23
user_0102,Alan Walker,104
user_0102,Marshmello,60
user_0102,Avicii,62
user_0102,Calvin Harris,115
user_0102,David Guetta,107
user_0102,Ed Sheeran,15
user_0102,Bruno Mars,12
user_0102,Adele,24
user_0102,Katy Perry,24
user_0103,Sunidhi Chauhan,113
user_0103,Pritam,73
user_0103,Shreya Ghoshal,30
user_0103,A.R. Rahman,68
user_0103,Arijit Singh,32
user_0103,Sonu Nigam,65
user_0103,Neha Kakkar,26
user_0103,Badshah,84
user_0103,Ariana Grande,40
user_0103,Adele,11
user_0103,Dua Lipa,37
user_0103,Bruno Mars,29
user_0103,Taylor Swift,38
user_0104,Nicki Minaj,119
user_0104,Drake,28
user_0104,J. Cole,27
user_0104,Cardi B,23
user_0104,Kendrick Lamar,33
user_0104,Eminem,73
user_0104,Taylor Swift,30
user_0104,Dua Lipa,19
user_0104,Adele,21
user_0104,Bruno Mars,30
user_0104,Katy Perry,17
user_0105,Taylor Swift,53
user_0105,Katy Perry,116
user_0105,Ed Sheeran,89
user_0105,Bruno Mars,85
user_0105,Adele,106
user_0105,Ariana Grande,109
user_0105,Dua Lipa,27
user_0106,Linkin Park,49
user_0106,Foo Fighters,54
user_0106,The Killers,75
user_0106,Green Day,48
user_0106,Coldplay,82
user_0106,Maroon 5,64
user_0106,Kygo,32
user_0106,Marshmello,21
user_0106,Alan Walker,6
user_0106,Martin Garrix,19
user_0106,David Guetta,20
user_0107,Bruno Mars,67
user_0107,Ed Sheeran,74
user_0107,Ariana Grande,70
user_0107,Taylor Swift,28
user_0107,Adele,82
user_0107,Dua Lipa,92
user_0107,Justin Bieber,113
user_0107,Katy Perry,113
user_0107,Arijit Singh,29
user_0107,Pritam,22
user_0107,Sunidhi Chauhan,23
user_0107,Neha Kakkar,38
user_0108,The Killers,20
user_0108,Green Day,85
user_0108,Linkin Park,63
user_0108,Imagine Dragons,57
user_0108,Foo Fighters,97
user_0108,OneRepublic,74
user_0108,Maroon 5,94
user_0108,Sonu Nigam,19
user_0108,Pritam,28
user_0108,Arijit Singh,16
user_0108,Shreya Ghoshal,19
user_0108,Sunidhi Chauhan,15
user_0109,Marshmello,101
user_0109,Alan Walker,42
user_0109,Calvin Harris,93
user_0109,Martin Garrix,48
user_0109,David Guetta,55
user_0109,Kygo,45
user_0109,Neha Kakkar,19
user_0109,Sonu Nigam,38
user_0109,Pritam,16
user_0109,Sunidhi Chauhan,12
user_0109,Arijit Singh,18
user_0110,Arijit Singh,47
user_0110,Shreya Ghoshal,23
user_0110,Badshah,52
user_0110,A.R. Rahman,84
user_0110,Sonu Nigam,75
user_0110,Sunidhi Chauhan,28
user_0110,Pritam,76
user_0110,Neha Kakkar,37
user_0110,Avicii,35
user_0110,Kygo,40
user_0110,David Guetta,21
user_0110,Alan Walker,7
user_0110,Calvin Harris,13
user_0111,Justin Bieber,21
user_0111,Taylor Swift,25
user_0111,Dua Lipa,113
user_0111,Katy Perry,78
user_0111,Ariana Grande,101
user_0111,Bruno Mars,22
user_0111,Adele,22
user_0111,Ed Sheeran,105
user_0111,Neha Kakkar,33
user_0111,Sonu Nigam,27
user_0111,Shreya Ghoshal,37
user_0111,A.R. Rahman,9
user_0112,Ariana Grande,39
user_0112,Katy Perry,80
user_0112,Taylor Swift,116
user_0112,Bruno Mars,116
user_0112,Justin Bieber,107
user_0112,Ed Sheeran,69
user_0112,Adele,76
user_0112,Coldplay,17
user_0112,Green Day,5
user_0112,The Killers,16
user_0112,OneRepublic,20
user_0112,Imagine Dragons,24
user_0113,Avicii,82
user_0113,Martin Garrix,80
user_0113,Calvin Harris,90
user_0113,Zedd,44
user_0113,Alan Walker,38
user_0113,Kygo,24
user_0113,Shreya Ghoshal,38
user_0113,A.R. Rahman,20
user_0113,Pritam,12
user_0113,Arijit Singh,26
user_0114,Travis Scott,43
user_0114,Kendrick Lamar,118
user_0114,Eminem,39
user_0114,J. Cole,75
user_0114,Post Malone,99
user_0114,Nicki Minaj,27
user_0114,Cardi B,26
user_0114,Zedd,30
user_0114,David Guetta,7
user_0114,Calvin Harris,30
user_0114,Avicii,31
user_0115,Bruno Mars,58
user_0115,Justin Bieber,42
user_0115,Dua Lipa,93
user_0115,Ed Sheeran,66
user_0115,Katy Perry,79
user_0115,Ariana Grande,115
user_0115,Taylor Swift,72
user_0115,Adele,94
user_0115,J. Cole,38
user_0115,Kendrick Lamar,9
user_0115,Cardi B,14
user_0115,Nicki Minaj,8
user_0115,Drake,29
user_0116,Martin Garrix,34
user_0116,Calvin Harris,48
user_0116,David Guetta,71
user_0116,Alan Walker,53
user_0116,Kygo,22
user_0116,Marshmello,105
user_0116,Zedd,93
user_0116,Avicii,72
user_0117,Ariana Grande,35
user_0117,Taylor Swift,38
user_0117,Ed Sheeran,89
user_0117,Dua Lipa,33
user_0117,Bruno Mars,24
user_0117,Justin Bieber,74
user_0117,Adele,48
user_0117,Linkin Park,6
user_0117,The Killers,29
user_0117,OneRepublic,27
user_0117,Maroon 5,16
user_0118,Maroon 5,97
user_0118,Coldplay,101
user_0118,Imagine Dragons,20
user_0118,The Killers,58
user_0118,Foo Fighters,105
user_0118,OneRepublic,73
user_0118,Bruno Mars,20
user_0118,Adele,31
user_0118,Katy Perry,8
user_0119,Taylor Swift,47
user_0119,Dua Lipa,113
user_0119,Justin Bieber,119
user_0119,Ariana Grande,119
user_0119,Bruno Mars,94
user_0119,Ed Sheeran,24
user_0119,Adele,57
user_0119,Katy Perry,64
user_0119,A.R. Rahman,5
user_0119,Sonu Nigam,7
user_0119,Arijit Singh,21
user_0120,Adele,119
user_0120,Ariana Grande,46
user_0120,Dua Lipa,99
user_0120,Justin Bieber,70
user_0120,Ed Sheeran,24
user_0120,Katy Perry,29
user_0120,Taylor Swift,75
user_0120,Bruno Mars,62
user_0121,Avicii,106
user_0121,Martin Garrix,107
user_0121,David Guetta,59
user_0121,Kygo,53
user_0121,Calvin Harris,73
user_0121,Alan Walker,112
user_0121,Zedd,118
user_0121,OneRepublic,30
user_0121,Coldplay,29
user_0121,Maroon 5,21
user_0122,Katy Perry,30
user_0122,Ed Sheeran,106
user_0122,Ariana Grande,25
user_0122,Dua Lipa,77
user_0122,Adele,46
user_0122,Justin Bieber,41
user_0122,Bruno Mars,24
user_0122,Travis Scott,17
user_0122,Kendrick Lamar,9
user_0122,Nicki Minaj,15
user_0122,Eminem,34
user_0122,Cardi B,37
user_0123,Post Malone,31
user_0123,Drake,72
user_0123,Kendrick Lamar,103
user_0123,Eminem,73
user_0123,Travis Scott,98
user_0123,Nicki Minaj,37
user_0123,The Killers,6
user_0123,Linkin Park,39
user_0123,Coldplay,8
user_0124,David Guetta,58
user_0124,Avicii,119
user_0124,Zedd,54
user_0124,Marshmello,54
user_0124,Alan Walker,53
user_0124,Calvin Harris,53
user_0124,Ed Sheeran,17
user_0124,Katy Perry,38
user_0124,Dua Lipa,6
user_0125,Pritam,97
user_0125,Neha Kakkar,92
user_0125,Shreya Ghoshal,101
user_0125,Arijit Singh,97
user_0125,Sonu Nigam,51
user_0125,A.R. Rahman,26
user_0125,Badshah,113
user_0125,Sunidhi Chauhan,69
user_0126,Ed Sheeran,72
user_0126,Taylor Swift,106
user_0126,Bruno Mars,55
user_0126,Katy Perry,29
user_0126,Ariana Grande,95
user_0126,Adele,47
user_0126,Justin Bieber,118
user_0126,Badshah,6
user_0126,A.R. Rahman,36
user_0126,Shreya Ghoshal,11
user_0126,Sunidhi Chauhan,14
user_0127,Post Malone,97
user_0127,J. Cole,55
user_0127,Eminem,81
user_0127,Kendrick Lamar,77
user_0127,Nicki Minaj,75
user_0127,Drake,61
user_0127,Cardi B,68
user_0127,Travis Scott,103
user_0127,Avicii,23
user_0127,Calvin Harris,25
user_0127,Kygo,11
user_0127,Marshmello,13
user_0127,David Guetta,34
user_0128,Green Day,80
user_0128,The Killers,38
user_0128,Coldplay,102
user_0128,Maroon 5,21
user_0128,Foo Fighters,26
user_0128,OneRepublic,71
user_0128,Linkin Park,71
user_0128,Adele,11
user_0128,Ed Sheeran,14
user_0128,Dua Lipa,16
user_0128,Taylor Swift,9
user_0129,Neha Kakkar,45
user_0129,Arijit Singh,68
user_0129,Shreya Ghoshal,97
user_0129,A.R. Rahman,113
user_0129,Sonu Nigam,113
user_0129,Badshah,28
user_0129,Pritam,110
user_0130,Ariana Grande,106
user_0130,Adele,45
user_0130,Justin Bieber,68
user_0130,Ed Sheeran,91
user_0130,Dua Lipa,81
user_0130,Bruno Mars,26
user_0130,Katy Perry,79
user_0130,OneRepublic,19
user_0130,Maroon 5,36
user_0130,Coldplay,22
user_0130,The Killers,9
user_0131,J. Cole,45
user_0131,Post Malone,87
user_0131,Travis Scott,58
user_0131,Drake,39
user_0131,Kendrick Lamar,39
user_0131,Cardi B,90
user_0131,Maroon 5,40
user_0131,Imagine Dragons,32
user_0131,Foo Fighters,5
user_0132,Linkin Park,91
user_0132,Imagine Dragons,63
user_0132,OneRepublic,120
user_0132,Green Day,90
user_0132,The Killers,74
user_0132,Coldplay,119
user_0132,Taylor Swift,32
user_0132,Bruno Mars,6
user_0132,Dua Lipa,23
user_0133,Ed Sheeran,30
user_0133,Adele,76
user_0133,Taylor Swift,91
user_0133,Bruno Mars,41
user_0133,Dua Lipa,35
user_0133,Justin Bieber,106
user_0133,Ariana Grande,95
user_0133,Katy Perry,85
user_0133,Post Malone,36
user_0133,Drake,30
user_0133,Travis Scott,32
user_0133,Kendrick Lamar,7
user_0134,Ariana Grande,90
user_0134,Taylor Swift,23
user_0134,Adele,27
user_0134,Katy Perry,93
user_0134,Bruno Mars,82
user_0134,Justin Bieber,24
user_0134,Nicki Minaj,20
user_0134,Cardi B,8
user_0134,Post Malone,16
user_0134,Travis Scott,33
user_0134,Drake,23
user_0135,Pritam,55
user_0135,Neha Kakkar,34
user_0135,Sonu Nigam,49
user_0135,Badshah,47
user_0135,Shreya Ghoshal,37
user_0135,A.R. Rahman,30
user_0135,Arijit Singh,97
user_0135,Marshmello,14
user_0135,Kygo,19
user_0135,Calvin Harris,40
user_0135,Zedd,16
user_0135,Martin Garrix,12
user_0136,Justin Bieber,33
user_0136,Adele,94
user_0136,Ariana Grande,63
user_0136,Katy Perry,29
user_0136,Dua Lipa,89
user_0136,Taylor Swift,41
user_0136,Travis Scott,23
user_0136,Cardi B,31
user_0136,Eminem,39
user_0136,Kendrick Lamar,15
user_0137,Bruno Mars,94
user_0137,Katy Perry,43
user_0137,Ed Sheeran,67
user_0137,Justin Bieber,75
user_0137,Ariana Grande,97
user_0137,Adele,63
user_0137,Dua Lipa,48
user_0137,Taylor Swift,100
user_0137,A.R. Rahman,8
user_0137,Arijit Singh,36
user_0137,Sonu Nigam,9
user_0137,Neha Kakkar,28
user_0137,Pritam,38
user_0138,Kygo,45
user_0138,David Guetta,107
user_0138,Marshmello,56
user_0138,Martin Garrix,24
user_0138,Alan Walker,35
user_0138,Zedd,101
user_0138,Calvin Harris,108
user_0138,Avicii,41
user_0138,Sonu Nigam,6
user_0138,Shreya Ghoshal,15
user_0138,Badshah,32
user_0138,Arijit Singh,11
user_0138,Neha Kakkar,40
user_0139,Imagine Dragons,21
user_0139,Linkin Park,50
user_0139,Maroon 5,80
user_0139,The Killers,39
user_0139,Green Day,120
user_0139,Coldplay,118
user_0139,Sonu Nigam,33
user_0139,A.R. Rahman,29
user_0139,Neha Kakkar,32
user_0140,Arijit Singh,111
user_0140,Sonu Nigam,118
user_0140,Sunidhi Chauhan,70
user_0140,Neha Kakkar,62
user_0140,Badshah,39
user_0140,Shreya Ghoshal,74
user_0140,Pritam,112
user_0140,A.R. Rahman,69
user_0140,Imagine Dragons,38
user_0140,OneRepublic,32
user_0140,Green Day,9
user_0141,Bruno Mars,89
user_0141,Ariana Grande,105
user_0141,Ed Sheeran,83
user_0141,Dua Lipa,46
user_0141,Taylor Swift,96
user_0141,Adele,25
user_0141,Drake,11
user_0141,Post Malone,28
user_0141,Nicki Minaj,19
user_0141,J. Cole,20
user_0141,Kendrick Lamar,29
user_0142,Avicii,68
user_0142,David Guetta,60
user_0142,Alan Walker,105
user_0142,Kygo,78
user_0142,Martin Garrix,96
user_0142,Zedd,79
user_0142,Marshmello,54
user_0142,Justin Bieber,26
user_0142,Ed Sheeran,32
user_0142,Ariana Grande,8
user_0142,Adele,8
user_0143,Foo Fighters,103
user_0143,The Killers,58
user_0143,Maroon 5,79
user_0143,Coldplay,117
user_0143,Green Day,79
user_0143,Imagine Dragons,49
user_0143,Linkin Park,54
user_0143,OneRepublic,93
user_0144,Sonu Nigam,36
user_0144,Pritam,57
user_0144,Shreya Ghoshal,112
user_0144,Badshah,115
user_0144,Sunidhi Chauhan,58
user_0144,A.R. Rahman,71
user_0144,Drake,18
user_0144,Kendrick Lamar,35
user_0144,Eminem,32
user_0145,Nicki Minaj,85
user_0145,J. Cole,72
user_0145,Kendrick Lamar,120
user_0145,Cardi B,75
user_0145,Post Malone,84
user_0145,Eminem,41
user_0145,Drake,95
user_0145,Travis Scott,102
user_0145,Ariana Grande,34
user_0145,Bruno Mars,30
user_0145,Katy Perry,14
user_0146,Drake,62
user_0146,Post Malone,108
user_0146,Travis Scott,32
user_0146,Cardi B,45
user_0146,Nicki Minaj,29
user_0146,Eminem,90
user_0147,Green Day,97
user_0147,The Killers,83
user_0147,Linkin Park,49
user_0147,Imagine Dragons,112
user_0147,Maroon 5,63
user_0147,Coldplay,35
user_0147,OneRepublic,117
user_0148,Nicki Minaj,79
user_0148,Drake,37
user_0148,Kendrick Lamar,98
user_0148,J. Cole,34
user_0148,Eminem,58
user_0148,Travis Scott,53
user_0148,Cardi B,21
user_0148,Post Malone,101
user_0148,Neha Kakkar,9
user_0148,A.R. Rahman,23
user_0148,Badshah,36
user_0149,Foo Fighters,31
user_0149,OneRepublic,85
user_0149,Maroon 5,96
user_0149,The Killers,115
user_0149,Coldplay,52
user_0149,Imagine Dragons,48
user_0149,Drake,6
user_0149,Kendrick Lamar,34
user_0149,J. Cole,27
user_0150,David Guetta,28
user_0150,Avicii,120
user_0150,Alan Walker,58
user_0150,Martin Garrix,21
user_0150,Kygo,86
user_0150,Marshmello,76
user_0150,Zedd,84
user_0150,Calvin Harris,95
user_0151,Linkin Park,104
user_0151,OneRepublic,55
user_0151,The Killers,27
user_0151,Imagine Dragons,92
user_0151,Green Day,39
user_0151,Foo Fighters,55
user_0151,Coldplay,20
user_0151,Travis Scott,32
user_0151,J. Cole,27
user_0151,Eminem,37
user_0151,Drake,33
user_0152,Alan Walker,61
user_0152,Marshmello,104
user_0152,Calvin Harris,87
user_0152,Kygo,72
user_0152,David Guetta,66
user_0152,Martin Garrix,91
user_0152,Zedd,96
user_0152,Avicii,69
user_0152,Ariana Grande,15
user_0152,Katy Perry,36
user_0152,Bruno Mars,38
user_0152,Ed Sheeran,34
user_0153,Arijit Singh,111
user_0153,Badshah,55
user_0153,Shreya Ghoshal,108
user_0153,Pritam,111
user_0153,Sunidhi Chauhan,116
user_0153,Neha Kakkar,55
user_0153,A.R. Rahman,43
user_0154,Cardi B,70
user_0154,J. Cole,104
user_0154,Eminem,109
user_0154,Post Malone,74
user_0154,Drake,83
user_0154,Nicki Minaj,90
user_0154,Kendrick Lamar,72
user_0154,The Killers,30
user_0154,Foo Fighters,34
user_0154,OneRepublic,32
user_0154,Imagine Dragons,40
user_0155,Sonu Nigam,37
user_0155,Shreya Ghoshal,105
user_0155,A.R. Rahman,26
user_0155,Sunidhi Chauhan,120
user_0155,Badshah,37
user_0155,Pritam,62
user_0156,Maroon 5,89
user_0156,Imagine Dragons,60
user_0156,Foo Fighters,112
user_0156,Green Day,59
user_0156,The Killers,77
user_0156,Coldplay,44
user_0156,OneRepublic,38
user_0156,Linkin Park,69
user_0157,Green Day,51
user_0157,Coldplay,78
user_0157,The Killers,42
user_0157,Foo Fighters,70
user_0157,Imagine Dragons,32
user_0157,Maroon 5,67
user_0157,OneRepublic,99
user_0157,Linkin Park,102
user_0157,Adele,25
user_0157,Katy Perry,28
user_0157,Bruno Mars,15
user_0157,Ariana Grande,33
user_0158,Calvin Harris,43
user_0158,David Guetta,119
user_0158,Marshmello,70
user_0158,Alan Walker,108
user_0158,Zedd,38
user_0158,Kygo,36
user_0158,Avicii,100
user_0158,Post Malone,31
user_0158,Cardi B,34
user_0158,Drake,25
user_0158,Nicki Minaj,30
user_0158,J. Cole,5
user_0159,Arijit Singh,103
user_0159,Neha Kakkar,34
user_0159,Sonu Nigam,23
user_0159,Sunidhi Chauhan,106
user_0159,Shreya Ghoshal,117
user_0159,Badshah,42
user_0159,Pritam,53
user_0160,Pritam,45
user_0160,Arijit Singh,94
user_0160,Neha Kakkar,105
user_0160,Badshah,99
user_0160,Sonu Nigam,51
user_0160,A.R. Rahman,33
user_0160,Shreya Ghoshal,36
user_0161,The Killers,73
user_0161,Foo Fighters,45
user_0161,Coldplay,91
user_0161,Green Day,29
user_0161,Maroon 5,78
user_0161,OneRepublic,119
user_0161,Imagine Dragons,29
user_0161,Linkin Park,50
user_0161,Post Malone,11
user_0161,Kendrick Lamar,12
user_0161,J. Cole,32
user_0162,Ed Sheeran,100
user_0162,Adele,111
user_0162,Bruno Mars,107
user_0162,Dua Lipa,71
user_0162,Katy Perry,90
user_0162,Taylor Swift,73
user_0162,Justin Bieber,88
user_0162,Ariana Grande,77
user_0162,Pritam,23
user_0162,Arijit Singh,21
user_0162,Sonu Nigam,8
user_0162,A.R. Rahman,29
user_0162,Neha Kakkar,6
user_0163,J. Cole,85
user_0163,Post Malone,76
user_0163,Nicki Minaj,71
user_0163,Kendrick Lamar,30
user_0163,Travis Scott,46
user_0163,Cardi B,73
user_0163,Eminem,33
user_0163,Drake,68
user_0163,Ed Sheeran,32
user_0163,Dua Lipa,29
user_0163,Bruno Mars,13
user_0164,David Guetta,105
user_0164,Alan Walker,28
user_0164,Zedd,78
user_0164,Kygo,73
user_0164,Calvin Harris,83
user_0164,Avicii,105
user_0164,Marshmello,55
user_0164,Martin Garrix,73
user_0165,Calvin Harris,77
user_0165,David Guetta,93
user_0165,Zedd,100
user_0165,Kygo,38
user_0165,Marshmello,111
user_0165,Alan Walker,36
user_0165,Martin Garrix,22
user_0166,Dua Lipa,45
user_0166,Bruno Mars,63
user_0166,Katy Perry,30
user_0166,Ed Sheeran,113
user_0166,Taylor Swift,96
user_0166,Justin Bieber,49
user_0166,Martin Garrix,31
user_0166,Kygo,7
user_0166,Zedd,21
user_0167,Green Day,103
user_0167,Maroon 5,96
user_0167,OneRepublic,89
user_0167,Coldplay,55
user_0167,Linkin Park,84
user_0167,Imagine Dragons,116
user_0167,Marshmello,24
user_0167,Alan Walker,20
user_0167,Calvin Harris,32
user_0167,Zedd,13
user_0168,Marshmello,58
user_0168,Kygo,48
user_0168,Avicii,63
user_0168,David Guetta,51
user_0168,Martin Garrix,102
user_0168,Alan Walker,61
user_0169,Green Day,89
user_0169,Foo Fighters,73
user_0169,OneRepublic,41
user_0169,Imagine Dragons,52
user_0169,Maroon 5,72
user_0169,The Killers,30
user_0169,Cardi B,38
user_0169,Nicki Minaj,13
user_0169,Kendrick Lamar,6
user_0170,Martin Garrix,60
user_0170,Marshmello,53
user_0170,David Guetta,73
user_0170,Zedd,74
user_0170,Avicii,20
user_0170,Kygo,32
user_0170,Alan Walker,36
user_0170,Linkin Park,5
user_0170,OneRepublic,22
user_0170,Imagine Dragons,38
user_0170,Green Day,19
user_0171,Ed Sheeran,118
user_0171,Adele,60
user_0171,Taylor Swift,40
user_0171,Dua Lipa,107
user_0171,Katy Perry,82
user_0171,Bruno Mars,76
user_0171,Ariana Grande,62
user_0171,Justin Bieber,32
user_0172,Linkin Park,61
user_0172,Coldplay,113
user_0172,The Killers,59
user_0172,Green Day,77
user_0172,Imagine Dragons,81
user_0172,Maroon 5,91
user_0172,Pritam,13
user_0172,Neha Kakkar,14
user_0172,Arijit Singh,35
user_0172,Sonu Nigam,36
user_0173,Justin Bieber,37
user_0173,Taylor Swift,79
user_0173,Bruno Mars,45
user_0173,Ariana Grande,89
user_0173,Katy Perry,61
user_0173,Dua Lipa,79
user_0173,Maroon 5,29
user_0173,Linkin Park,33
user_0173,Imagine Dragons,21
user_0173,Foo Fighters,31
user_0173,OneRepublic,16
user_0174,Martin Garrix,37
user_0174,Alan Walker,87
user_0174,Calvin Harris,48
user_0174,Avicii,95
user_0174,Marshmello,62
user_0174,Zedd,32
user_0175,Green Day,100
user_0175,Linkin Park,72
user_0175,OneRepublic,39
user_0175,Coldplay,53
user_0175,Maroon 5,89
user_0175,Imagine Dragons,35
user_0175,Kygo,14
user_0175,Zedd,38
user_0175,Calvin Harris,24
user_0175,Martin Garrix,17
user_0175,Marshmello,16
user_0176,J. Cole,113
user_0176,Post Malone,114
user_0176,Eminem,71
user_0176,Travis Scott,60
user_0176,Drake,102
user_0176,Kendrick Lamar,39
user_0176,Zedd,34
user_0176,Kygo,15
user_0176,David Guetta,31
user_0177,Katy Perry,99
user_0177,Dua Lipa,113
user_0177,Ed Sheeran,103
user_0177,Ariana Grande,34
user_0177,Taylor Swift,51
user_0177,Justin Bieber,112
user_0177,Bruno Mars,75
user_0177,Adele,107
user_0177,Badshah,28
user_0177,Shreya Ghoshal,26
user_0177,Arijit Singh,21
user_0177,A.R. Rahman,13
user_0177,Sunidhi Chauhan,15
user_0178,Martin Garrix,46
user_0178,David Guetta,49
user_0178,Calvin Harris,52
user_0178,Zedd,109
user_0178,Alan Walker,69
user_0178,Marshmello,96
user_0178,Sonu Nigam,8
user_0178,Sunidhi Chauhan,25
user_0178,Pritam,16
user_0179,Neha Kakkar,34
user_0179,Pritam,59
user_0179,Sunidhi Chauhan,46
user_0179,Badshah,105
user_0179,Sonu Nigam,106
user_0179,Shreya Ghoshal,20
user_0179,Marshmello,10
user_0179,Calvin Harris,40
user_0179,Zedd,9
user_0179,Avicii,30
user_0180,Kygo,65
user_0180,Alan Walker,59
user_0180,David Guetta,95
user_0180,Zedd,41
user_0180,Martin Garrix,118
user_0180,Marshmello,37
user_0180,Calvin Harris,66
user_0180,Travis Scott,26
user_0180,Drake,27
user_0180,Eminem,36
user_0180,Nicki Minaj,22
user_0180,Cardi B,21
user_0181,Zedd,36
user_0181,Alan Walker,109
user_0181,Marshmello,52
user_0181,Calvin Harris,57
user_0181,Kygo,27
user_0181,Martin Garrix,65
user_0181,Taylor Swift,24
user_0181,Bruno Mars,39
user_0181,Ariana Grande,7
user_0182,Eminem,44
user_0182,Nicki Minaj,42
user_0182,J. Cole,42
user_0182,Travis Scott,31
user_0182,Kendrick Lamar,45
user_0182,Post Malone,86
user_0182,Drake,50
user_0183,Calvin Harris,37
user_0183,Martin Garrix,105
user_0183,Marshmello,59
user_0183,David Guetta,117
user_0183,Avicii,33
user_0183,Zedd,67
user_0183,Kygo,111
user_0183,Ariana Grande,38
user_0183,Adele,39
user_0183,Dua Lipa,12
user_0184,Dua Lipa,64
user_0184,Ed Sheeran,38
user_0184,Taylor Swift,22
user_0184,Bruno Mars,114
user_0184,Ariana Grande,48
user_0184,Katy Perry,50
user_0184,Coldplay,29
user_0184,OneRepublic,34
user_0184,Foo Fighters,14
user_0184,Maroon 5,40
user_0184,The Killers,14
user_0185,Alan Walker,74
user_0185,Martin Garrix,45
user_0185,Kygo,33
user_0185,David Guetta,83
user_0185,Calvin Harris,89
user_0185,Avicii,94
user_0185,Travis Scott,14
user_0185,Nicki Minaj,30
user_0185,Eminem,23
user_0186,David Guetta,27
user_0186,Martin Garrix,26
user_0186,Kygo,47
user_0186,Calvin Harris,103
user_0186,Marshmello,60
user_0186,Avicii,84
user_0186,Alan Walker,23
user_0186,Ed Sheeran,9
user_0186,Adele,19
user_0186,Katy Perry,11
user_0186,Taylor Swift,22
user_0186,Dua Lipa,16
user_0187,Justin Bieber,34
user_0187,Taylor Swift,25
user_0187,Bruno Mars,92
user_0187,Dua Lipa,27
user_0187,Adele,80
user_0187,Katy Perry,26
user_0187,Alan Walker,15
user_0187,Calvin Harris,40
user_0187,Marshmello,28
user_0188,Calvin Harris,90
user_0188,Kygo,20
user_0188,David Guetta,23
user_0188,Martin Garrix,71
user_0188,Zedd,83
user_0188,Avicii,114
user_0188,Eminem,31
user_0188,Drake,10
user_0188,Post Malone,36
user_0188,Cardi B,10
user_0189,Ed Sheeran,45
user_0189,Taylor Swift,76
user_0189,Adele,78
user_0189,Bruno Mars,29
user_0189,Dua Lipa,77
user_0189,Justin Bieber,35
user_0189,Ariana Grande,77
user_0190,Nicki Minaj,43
user_0190,Post Malone,26
user_0190,Kendrick Lamar,41
user_0190,Travis Scott,31
user_0190,J. Cole,119
user_0190,Cardi B,29
user_0190,Ariana Grande,17
user_0190,Adele,26
user_0190,Justin Bieber,5
user_0190,Katy Perry,34
user_0190,Bruno Mars,15
user_0191,Ariana Grande,101
user_0191,Katy Perry,119
user_0191,Taylor Swift,88
user_0191,Dua Lipa,67
user_0191,Justin Bieber,39
user_0191,Ed Sheeran,49
user_0191,Marshmello,18
user_0191,Alan Walker,8
user_0191,Avicii,23
user_0192,Taylor Swift,115
user_0192,Adele,76
user_0192,Katy Perry,92
user_0192,Ed Sheeran,112
user_0192,Justin Bieber,99
user_0192,Ariana Grande,50
user_0192,Kendrick Lamar,22
user_0192,Drake,9
user_0192,Cardi B,39
user_0192,J. Cole,23
user_0193,Shreya Ghoshal,39
user_0193,Neha Kakkar,24
user_0193,Pritam,20
user_0193,A.R. Rahman,28
user_0193,Sunidhi Chauhan,36
user_0193,Badshah,90
user_0193,Arijit Singh,50
user_0193,Ed Sheeran,16
user_0193,Justin Bieber,10
user_0193,Taylor Swift,38
user_0193,Bruno Mars,39
user_0193,Adele,16
user_0194,Badshah,34
user_0194,Neha Kakkar,52
user_0194,Sunidhi Chauhan,116
user_0194,A.R. Rahman,30
user_0194,Shreya Ghoshal,84
user_0194,Sonu Nigam,87
user_0194,Ed Sheeran,27
user_0194,Katy Perry,6
user_0194,Taylor Swift,27
user_0195,Ariana Grande,69
user_0195,Taylor Swift,21
user_0195,Dua Lipa,117
user_0195,Adele,57
user_0195,Bruno Mars,96
user_0195,Justin Bieber,116
user_0195,Katy Perry,70
user_0195,J. Cole,17
user_0195,Kendrick Lamar,6
user_0195,Drake,38
user_0195,Cardi B,7
user_0196,Imagine Dragons,82
user_0196,Coldplay,64
user_0196,Maroon 5,49
user_0196,Linkin Park,69
user_0196,Foo Fighters,26
user_0196,The Killers,39
user_0196,Martin Garrix,40
user_0196,Avicii,20
user_0196,Marshmello,33
user_0197,Martin Garrix,78
user_0197,Calvin Harris,42
user_0197,Zedd,26
user_0197,Alan Walker,115
user_0197,Avicii,68
user_0197,David Guetta,47
user_0197,Ed Sheeran,23
user_0197,Dua Lipa,25
user_0197,Katy Perry,36
user_0198,Cardi B,70
user_0198,Travis Scott,65
user_0198,Nicki Minaj,87
user_0198,J. Cole,103
user_0198,Kendrick Lamar,100
user_0198,Eminem,33
user_0199,Sunidhi Chauhan,50
user_0199,Arijit Singh,55
user_0199,Pritam,77
user_0199,Neha Kakkar,76
user_0199,Badshah,114
user_0199,Shreya Ghoshal,68
user_0199,Adele,16
user_0199,Bruno Mars,29
user_0199,Ed Sheeran,16
user_0199,Dua Lipa,26
user_0199,Justin Bieber,29
user_0200,Maroon 5,71
user_0200,Imagine Dragons,93
user_0200,Linkin Park,62
user_0200,Foo Fighters,81
user_0200,Green Day,21
user_0200,The Killers,86
user_0200,Coldplay,112
user_0200,Drake,28
user_0200,J. Cole,25
user_0200,Eminem,23
user_0201,Linkin Park,44
user_0201,OneRepublic,118
user_0201,The Killers,85
user_0201,Foo Fighters,22
user_0201,Green Day,44
user_0201,Maroon 5,94
user_0201,Imagine Dragons,107
user_0201,Travis Scott,20
user_0201,Nicki Minaj,23
user_0201,Post Malone,22
user_0201,Eminem,37
user_0201,Cardi B,6
user_0202,Kendrick Lamar,71
user_0202,Drake,74
user_0202,J. Cole,25
user_0202,Cardi B,67
user_0202,Travis Scott,50
user_0202,Post Malone,82
user_0202,Eminem,43
user_0202,Nicki Minaj,63
user_0203,Calvin Harris,73
user_0203,Kygo,88
user_0203,Martin Garrix,28
user_0203,Alan Walker,108
user_0203,Zedd,108
user_0203,Marshmello,89
user_0203,David Guetta,113
user_0203,Avicii,63
user_0203,Cardi B,31
user_0203,Travis Scott,7
user_0203,J. Cole,10
user_0204,Badshah,56
user_0204,Pritam,30
user_0204,Neha Kakkar,108
user_0204,Sunidhi Chauhan,35
user_0204,Arijit Singh,54
user_0204,Sonu Nigam,22
user_0204,Shreya Ghoshal,88
user_0204,A.R. Rahman,90
user_0204,Marshmello,10
user_0204,David Guetta,40
user_0204,Zedd,27
user_0204,Calvin Harris,33
user_0204,Martin Garrix,15
user_0205,J. Cole,59
user_0205,Kendrick Lamar,49
user_0205,Eminem,93
user_0205,Nicki Minaj,95
user_0205,Cardi B,29
user_0205,Post Malone,100
user_0205,Maroon 5,20
user_0205,The Killers,23
user_0205,Foo Fighters,21
user_0206,Alan Walker,76
user_0206,Avicii,48
user_0206,Zedd,64
user_0206,Marshmello,54
user_0206,David Guetta,91
user_0206,Calvin Harris,28
user_0206,Kygo,104
user_0206,Shreya Ghoshal,22
user_0206,Neha Kakkar,15
user_0206,Arijit Singh,26
user_0206,A.R. Rahman,40
user_0206,Sonu Nigam,5
user_0207,Eminem,110
user_0207,Kendrick Lamar,61
user_0207,Travis Scott,117
user_0207,J. Cole,77
user_0207,Drake,58
user_0207,Post Malone,20
user_0207,Cardi B,81
user_0207,Nicki Minaj,85
user_0207,Dua Lipa,15
user_0207,Bruno Mars,23
user_0207,Adele,39
user_0207,Katy Perry,26
user_0208,Marshmello,27
user_0208,Avicii,74
user_0208,Martin Garrix,101
user_0208,David Guetta,97
user_0208,Zedd,73
user_0208,Kygo,72
user_0209,Travis Scott,104
user_0209,Post Malone,117
user_0209,Cardi B,68
user_0209,Nicki Minaj,68
user_0209,Drake,24
user_0209,J. Cole,118
user_0209,Justin Bieber,26
user_0209,Ariana Grande,13
user_0209,Taylor Swift,30
user_0210,Sunidhi Chauhan,67
user_0210,Badshah,62
user_0210,Neha Kakkar,68
user_0210,Arijit Singh,118
user_0210,Shreya Ghoshal,120
user_0210,A.R. Rahman,36
user_0210,Pritam,31
user_0210,Sonu Nigam,44
user_0211,Kendrick Lamar,71
user_0211,Travis Scott,82
user_0211,Post Malone,63
user_0211,Eminem,71
user_0211,J. Cole,72
user_0211,Nicki Minaj,91
user_0211,Drake,81
user_0212,Shreya Ghoshal,96
user_0212,A.R. Rahman,120
user_0212,Sunidhi Chauhan,34
user_0212,Badshah,43
user_0212,Sonu Nigam,51
user_0212,Pritam,109
user_0212,Neha Kakkar,65
user_0212,Arijit Singh,48
user_0212,Linkin Park,10
user_0212,Maroon 5,7
user_0212,Foo Fighters,6
user_0213,David Guetta,95
user_0213,Calvin Harris,98
user_0213,Alan Walker,59
user_0213,Avicii,49
user_0213,Kygo,64
user_0213,Martin Garrix,101
user_0213,Zedd,26
user_0214,Green Day,88
user_0214,OneRepublic,48
user_0214,Coldplay,46
user_0214,Linkin Park,33
user_0214,Maroon 5,20
user_0214,Foo Fighters,70
user_0214,The Killers,119
user_0215,Green Day,82
user_0215,Linkin Park,21
user_0215,Coldplay,109
user_0215,The Killers,112
user_0215,OneRepublic,80
user_0215,Foo Fighters,78
user_0215,Imagine Dragons,90
user_0215,Maroon 5,64
user_0215,Post Malone,14
user_0215,Drake,31
user_0215,J. Cole,21
user_0216,Ed Sheeran,96
user_0216,Dua Lipa,117
user_0216,Adele,72
user_0216,Ariana Grande,80
user_0216,Taylor Swift,98
user_0216,Bruno Mars,61
user_0216,Katy Perry,67
user_0216,Justin Bieber,79
user_0216,Pritam,6
user_0216,Shreya Ghoshal,9
user_0216,Arijit Singh,34
user_0216,Sonu Nigam,28
user_0216,Sunidhi Chauhan,11
user_0217,A.R. Rahman,50
user_0217,Sunidhi Chauhan,115
user_0217,Shreya Ghoshal,41
user_0217,Pritam,111
user_0217,Badshah,51
user_0217,Neha Kakkar,74
user_0217,Green Day,12
user_0217,Coldplay,12
user_0217,Maroon 5,37
user_0217,OneRepublic,37
user_0217,The Killers,22
user_0218,J. Cole,30
user_0218,Nicki Minaj,78
user_0218,Post Malone,109
user_0218,Kendrick Lamar,56
user_0218,Cardi B,105
user_0218,Drake,81
user_0218,Katy Perry,25
user_0218,Adele,15
user_0218,Ariana Grande,15
user_0218,Justin Bieber,36
user_0219,Taylor Swift,80
user_0219,Justin Bieber,55
user_0219,Adele,57
user_0219,Katy Perry,116
user_0219,Dua Lipa,81
user_0219,Ariana Grande,82
user_0219,Zedd,24
user_0219,David Guetta,13
user_0219,Alan Walker,32
user_0220,Kendrick Lamar,77
user_0220,Travis Scott,119
user_0220,Cardi B,89
user_0220,Eminem,74
user_0220,J. Cole,26
user_0220,Nicki Minaj,28
user_0220,Post Malone,35
user_0220,The Killers,40
user_0220,Maroon 5,25
user_0220,Green Day,32
user_0220,OneRepublic,36
user_0220,Foo Fighters,35
user_0221,Eminem,35
user_0221,J. Cole,63
user_0221,Nicki Minaj,92
user_0221,Post Malone,102
user_0221,Kendrick Lamar,98
user_0221,Cardi B,100
user_0221,Drake,106
user_0221,Travis Scott,117
user_0221,Arijit Singh,25
user_0221,Sunidhi Chauhan,37
user_0221,Pritam,11
user_0221,Neha Kakkar,31
user_0221,Shreya Ghoshal,40
user_0222,OneRepublic,106
user_0222,Linkin Park,101
user_0222,Imagine Dragons,71
user_0222,The Killers,21
user_0222,Maroon 5,29
user_0222,Green Day,31
user_0222,Kygo,32
user_0222,David Guetta,21
user_0222,Alan Walker,10
user_0222,Calvin Harris,32
user_0222,Zedd,27
user_0223,Neha Kakkar,60
user_0223,Sunidhi Chauhan,28
user_0223,Badshah,51
user_0223,Sonu Nigam,45
user_0223,Pritam,101
user_0223,Arijit Singh,25
user_0223,Shreya Ghoshal,62
user_0223,Martin Garrix,28
user_0223,Alan Walker,38
user_0223,Avicii,18
user_0224,J. Cole,30
user_0224,Kendrick Lamar,117
user_0224,Travis Scott,86
user_0224,Drake,28
user_0224,Cardi B,69
user_0224,Nicki Minaj,104
user_0224,Post Malone,48
user_0224,Foo Fighters,17
user_0224,Green Day,27
user_0224,OneRepublic,30
user_0224,Imagine Dragons,5
user_0225,Foo Fighters,61
user_0225,The Killers,21
user_0225,Maroon 5,47
user_0225,Imagine Dragons,33
user_0225,Green Day,21
user_0225,OneRepublic,47
user_0225,Linkin Park,40
user_0225,Coldplay,27
user_0225,Taylor Swift,27
user_0225,Bruno Mars,38
user_0225,Justin Bieber,14
user_0226,Avicii,48
user_0226,Marshmello,34
user_0226,David Guetta,89
user_0226,Kygo,100
user_0226,Zedd,104
user_0226,Alan Walker,83
user_0226,Calvin Harris,97
user_0226,Martin Garrix,62
user_0226,A.R. Rahman,14
user_0226,Neha Kakkar,9
user_0226,Sunidhi Chauhan,16
user_0227,J. Cole,91
user_0227,Nicki Minaj,89
user_0227,Eminem,119
user_0227,Post Malone,24
user_0227,Drake,96
user_0227,Kendrick Lamar,100
user_0227,Cardi B,64
user_0227,Travis Scott,48
user_0227,Calvin Harris,18
user_0227,Marshmello,31
user_0227,David Guetta,27
user_0227,Zedd,30
user_0228,A.R. Rahman,80
user_0228,Arijit Singh,46
user_0228,Neha Kakkar,42
user_0228,Sunidhi Chauhan,58
user_0228,Shreya Ghoshal,101
user_0228,Badshah,34
user_0228,Dua Lipa,5
user_0228,Justin Bieber,17
user_0228,Taylor Swift,12
user_0229,Post Malone,36
user_0229,Cardi B,31
user_0229,J. Cole,102
user_0229,Kendrick Lamar,32
user_0229,Eminem,78
user_0229,Travis Scott,120
user_0229,Drake,84
user_0229,Shreya Ghoshal,17
user_0229,Sunidhi Chauhan,30
user_0229,Arijit Singh,23
user_0230,Eminem,62
user_0230,Kendrick Lamar,45
user_0230,Travis Scott,71
user_0230,Post Malone,34
user_0230,Drake,105
user_0230,J. Cole,86
user_0230,Nicki Minaj,68
user_0230,Pritam,24
user_0230,A.R. Rahman,11
user_0230,Sunidhi Chauhan,20
user_0230,Sonu Nigam,10
user_0230,Neha Kakkar,31
user_0231,Cardi B,102
user_0231,Travis Scott,35
user_0231,Drake,71
user_0231,J. Cole,23
user_0231,Post Malone,67
user_0231,Kendrick Lamar,102
user_0231,Nicki Minaj,107
user_0231,Eminem,48
user_0231,Imagine Dragons,18
user_0231,Maroon 5,28
user_0231,Linkin Park,32
user_0232,Sonu Nigam,95
user_0232,Sunidhi Chauhan,103
user_0232,Badshah,30
user_0232,Neha Kakkar,34
user_0232,Shreya Ghoshal,29
user_0232,A.R. Rahman,111
user_0232,Arijit Singh,85
user_0232,Coldplay,17
user_0232,Linkin Park,15
user_0232,Foo Fighters,28
user_0232,OneRepublic,19
user_0233,Shreya Ghoshal,41
user_0233,Neha Kakkar,95
user_0233,Badshah,29
user_0233,Sunidhi Chauhan,107
user_0233,Arijit Singh,108
user_0233,Pritam,106
user_0233,Sonu Nigam,49
user_0233,A.R. Rahman,31
user_0234,Sonu Nigam,25
user_0234,Sunidhi Chauhan,59
user_0234,Neha Kakkar,54
user_0234,Arijit Singh,51
user_0234,Shreya Ghoshal,73
user_0234,Pritam,33
user_0234,A.R. Rahman,33
user_0234,David Guetta,7
user_0234,Marshmello,10
user_0234,Calvin Harris,27
user_0234,Alan Walker,39
user_0234,Avicii,25
user_0235,Ariana Grande,85
user_0235,Justin Bieber,57
user_0235,Ed Sheeran,28
user_0235,Dua Lipa,80
user_0235,Katy Perry,64
user_0235,Bruno Mars,25
user_0235,Taylor Swift,78
user_0235,Adele,41
user_0235,OneRepublic,7
user_0235,Imagine Dragons,40
user_0235,Coldplay,21
user_0236,Travis Scott,65
user_0236,Nicki Minaj,92
user_0236,Post Malone,54
user_0236,Kendrick Lamar,33
user_0236,Cardi B,38
user_0236,J. Cole,85
user_0236,Drake,92
user_0236,Eminem,47
user_0237,Imagine Dragons,48
user_0237,Maroon 5,46
user_0237,Linkin Park,120
user_0237,Foo Fighters,37
user_0237,OneRepublic,39
user_0237,Coldplay,113
user_0237,The Killers,75
user_0237,Ariana Grande,39
user_0237,Bruno Mars,8
user_0237,Dua Lipa,16
user_0238,Marshmello,86
user_0238,Avicii,80
user_0238,Calvin Harris,68
user_0238,Kygo,85
user_0238,David Guetta,111
user_0238,Alan Walker,59
user_0238,Zedd,71
user_0238,Martin Garrix,38
user_0238,Green Day,28
user_0238,Coldplay,16
user_0238,OneRepublic,34
user_0239,Kendrick Lamar,72
user_0239,J. Cole,46
user_0239,Travis Scott,86
user_0239,Cardi B,44
user_0239,Post Malone,54
user_0239,Eminem,46
user_0239,Nicki Minaj,53
user_0239,Foo Fighters,28
user_0239,Linkin Park,34
user_0239,Imagine Dragons,16
user_0239,The Killers,35
user_0240,Taylor Swift,36
user_0240,Bruno Mars,65
user_0240,Dua Lipa,79
user_0240,Adele,41
user_0240,Katy Perry,31
user_0240,Ariana Grande,33
user_0240,Avicii,26
user_0240,Martin Garrix,20
user_0240,Alan Walker,40
user_0240,David Guetta,11
user_0240,Kygo,8
user_0241,Katy Perry,93
user_0241,Dua Lipa,30
user_0241,Taylor Swift,51
user_0241,Ariana Grande,67
user_0241,Justin Bieber,74
user_0241,Ed Sheeran,108
user_0241,Bruno Mars,113
user_0241,Adele,50
user_0241,Shreya Ghoshal,31
user_0241,Arijit Singh,32
user_0241,Sonu Nigam,25
user_0242,Eminem,64
user_0242,J. Cole,49
user_0242,Nicki Minaj,79
user_0242,Travis Scott,86
user_0242,Post Malone,64
user_0242,Drake,76
user_0242,Kendrick Lamar,67
user_0243,Coldplay,97
user_0243,Linkin Park,81
user_0243,The Killers,70
user_0243,Maroon 5,54
user_0243,Green Day,97
user_0243,Imagine Dragons,52
user_0243,Foo Fighters,47
user_0243,OneRepublic,107
user_0244,Arijit Singh,35
user_0244,Neha Kakkar,24
user_0244,Sunidhi Chauhan,72
user_0244,Badshah,101
user_0244,Shreya Ghoshal,68
user_0244,A.R. Rahman,76
user_0244,Pritam,100
user_0244,Sonu Nigam,72
user_0244,J. Cole,9
user_0244,Post Malone,23
user_0244,Eminem,7
user_0244,Nicki Minaj,35
user_0244,Kendrick Lamar,32
user_0245,Alan Walker,63
user_0245,Kygo,45
user_0245,Marshmello,26
user_0245,Calvin Harris,23
user_0245,Zedd,29
user_0245,Avicii,89
user_0245,Bruno Mars,22
user_0245,Ariana Grande,30
user_0245,Adele,25
user_0245,Ed Sheeran,6
user_0246,Ed Sheeran,51
user_0246,Bruno Mars,60
user_0246,Adele,36
user_0246,Taylor Swift,84
user_0246,Katy Perry,23
user_0246,Ariana Grande,45
user_0246,Dua Lipa,92
user_0246,Maroon 5,40
user_0246,Foo Fighters,14
user_0246,The Killers,15
user_0246,OneRepublic,30
user_0247,David Guetta,97
user_0247,Calvin Harris,32
user_0247,Alan Walker,109
user_0247,Kygo,90
user_0247,Zedd,55
user_0247,Martin Garrix,68
user_0248,Nicki Minaj,81
user_0248,J. Cole,104
user_0248,Cardi B,111
user_0248,Post Malone,48
user_0248,Kendrick Lamar,120
user_0248,Eminem,72
user_0248,Drake,113
user_0248,Travis Scott,31
user_0249,Calvin Harris,95
user_0249,Alan Walker,112
user_0249,Marshmello,95
user_0249,Kygo,43
user_0249,Avicii,39
user_0249,Zedd,88
user_0249,Ed Sheeran,25
user_0249,Ariana Grande,25
user_0249,Dua Lipa,8
user_0249,Bruno Mars,11
user_0249,Taylor Swift,7
user_0250,Zedd,103
user_0250,Kygo,42
user_0250,David Guetta,77
user_0250,Avicii,108
user_0250,Alan Walker,92
user_0250,Marshmello,80
user_0250,Calvin Harris,109
user_0250,Justin Bieber,19
user_0250,Katy Perry,32
user_0250,Ariana Grande,30
user_0250,Ed Sheeran,7
user_0251,Shreya Ghoshal,103
user_0251,Neha Kakkar,33
user_0251,Pritam,68
user_0251,Sonu Nigam,66
user_0251,Badshah,71
user_0251,Sunidhi Chauhan,73
user_0251,Zedd,14
user_0251,Marshmello,17
user_0251,Alan Walker,15
user_0251,David Guetta,10
user_0252,Ariana Grande,116
user_0252,Justin Bieber,113
user_0252,Dua Lipa,48
user_0252,Taylor Swift,78
user_0252,Ed Sheeran,116
user_0252,Adele,93
user_0252,Nicki Minaj,22
user_0252,Cardi B,34
user_0252,Post Malone,24
user_0252,J. Cole,33
user_0253,Dua Lipa,114
user_0253,Bruno Mars,106
user_0253,Justin Bieber,110
user_0253,Adele,49
user_0253,Ariana Grande,79
user_0253,Ed Sheeran,90
user_0253,Taylor Swift,117
user_0253,Katy Perry,20
user_0253,David Guetta,25
user_0253,Marshmello,40
user_0253,Martin Garrix,37
user_0253,Kygo,26
user_0253,Alan Walker,12
user_0254,Justin Bieber,37
user_0254,Adele,79
user_0254,Taylor Swift,120
user_0254,Bruno Mars,73
user_0254,Ariana Grande,50
user_0254,Katy Perry,89
user_0254,Linkin Park,24
user_0254,Imagine Dragons,11
user_0254,Maroon 5,17
user_0254,Green Day,32
user_0254,Coldplay,38
user_0255,Bruno Mars,114
user_0255,Justin Bieber,102
user_0255,Ariana Grande,99
user_0255,Adele,22
user_0255,Taylor Swift,106
user_0255,Ed Sheeran,96
user_0255,Katy Perry,60
user_0256,J. Cole,104
user_0256,Cardi B,43
user_0256,Kendrick Lamar,112
user_0256,Nicki Minaj,115
user_0256,Eminem,30
user_0256,Drake,85
user_0256,Post Malone,114
user_0256,Sonu Nigam,39
user_0256,Arijit Singh,5
user_0256,Sunidhi Chauhan,33
user_0257,Badshah,120
user_0257,Sonu Nigam,97
user_0257,Pritam,65
user_0257,Sunidhi Chauhan,108
user_0257,Arijit Singh,93
user_0257,A.R. Rahman,72
user_0257,Shreya Ghoshal,64
user_0257,Cardi B,35
user_0257,Travis Scott,39
user_0257,Eminem,23
user_0257,Post Malone,16
user_0257,Nicki Minaj,30
user_0258,Neha Kakkar,58
user_0258,Shreya Ghoshal,68
user_0258,A.R. Rahman,98
user_0258,Arijit Singh,79
user_0258,Sunidhi Chauhan,64
user_0258,Pritam,34
user_0258,Badshah,92
user_0258,Eminem,26
user_0258,Travis Scott,12
user_0258,Kendrick Lamar,11
user_0259,Badshah,30
user_0259,A.R. Rahman,105
user_0259,Neha Kakkar,71
user_0259,Arijit Singh,112
user_0259,Pritam,70
user_0259,Shreya Ghoshal,50
user_0259,Sunidhi Chauhan,72
user_0259,Sonu Nigam,35
user_0259,Taylor Swift,28
user_0259,Dua Lipa,6
user_0259,Katy Perry,17
user_0259,Ed Sheeran,24
user_0260,Pritam,80
user_0260,Arijit Singh,47
user_0260,Shreya Ghoshal,98
user_0260,Neha Kakkar,67
user_0260,Sonu Nigam,111
user_0260,Badshah,80
user_0260,Sunidhi Chauhan,75
user_0260,Drake,30
user_0260,Post Malone,31
user_0260,Travis Scott,13
user_0260,Nicki Minaj,10
user_0261,Martin Garrix,50
user_0261,Kygo,85
user_0261,Marshmello,38
user_0261,David Guetta,71
user_0261,Avicii,81
user_0261,Calvin Harris,44
user_0261,Imagine Dragons,10
user_0261,Maroon 5,13
user_0261,OneRepublic,15
user_0262,Ed Sheeran,43
user_0262,Adele,51
user_0262,Katy Perry,49
user_0262,Bruno Mars,55
user_0262,Dua Lipa,50
user_0262,Taylor Swift,66
user_0262,Ariana Grande,24
user_0262,Justin Bieber,47
user_0263,Green Day,105
user_0263,The Killers,77
user_0263,Coldplay,118
user_0263,Linkin Park,81
user_0263,Maroon 5,85
user_0263,Imagine Dragons,110
user_0263,Foo Fighters,86
user_0263,OneRepublic,53
user_0263,Neha Kakkar,28
user_0263,Arijit Singh,19
user_0263,Sunidhi Chauhan,17
user_0263,Badshah,16
user_0263,A.R. Rahman,12
user_0264,Travis Scott,113
user_0264,Kendrick Lamar,48
user_0264,Post Malone,21
user_0264,Eminem,85
user_0264,Nicki Minaj,27
user_0264,J. Cole,24
user_0264,Cardi B,114
user_0264,A.R. Rahman,21
user_0264,Shreya Ghoshal,21
user_0264,Sunidhi Chauhan,36
user_0264,Badshah,27
user_0265,Nicki Minaj,120
user_0265,Post Malone,73
user_0265,Kendrick Lamar,107
user_0265,Cardi B,105
user_0265,Travis Scott,41
user_0265,Eminem,120
user_0265,Drake,95
user_0265,J. Cole,30
user_0265,Dua Lipa,32
user_0265,Bruno Mars,21
user_0265,Taylor Swift,5
user_0265,Ariana Grande,29
user_0266,Neha Kakkar,52
user_0266,Sonu Nigam,95
user_0266,Badshah,79
user_0266,Shreya Ghoshal,98
user_0266,Arijit Singh,72
user_0266,Sunidhi Chauhan,106
user_0266,A.R. Rahman,108
user_0266,Pritam,118
user_0266,Ariana Grande,27
user_0266,Ed Sheeran,32
user_0266,Bruno Mars,40
user_0267,Foo Fighters,88
user_0267,Imagine Dragons,104
user_0267,Linkin Park,43
user_0267,The Killers,120
user_0267,Maroon 5,75
user_0267,Coldplay,88
user_0267,Green Day,97
user_0267,OneRepublic,84
user_0267,Eminem,36
user_0267,Cardi B,30
user_0267,Travis Scott,10
user_0267,Kendrick Lamar,8
user_0268,Linkin Park,45
user_0268,Coldplay,32
user_0268,Green Day,93
user_0268,The Killers,66
user_0268,Foo Fighters,48
user_0268,OneRepublic,42
user_0268,Maroon 5,27
user_0268,Imagine Dragons,68
user_0268,Calvin Harris,23
user_0268,Avicii,31
user_0268,Zedd,19
user_0268,Alan Walker,5
user_0269,Green Day,41
user_0269,Imagine Dragons,23
user_0269,OneRepublic,83
user_0269,Linkin Park,75
user_0269,Maroon 5,113
user_0269,Foo Fighters,78
user_0269,Coldplay,70
user_0269,The Killers,50
user_0270,Post Malone,69
user_0270,Cardi B,79
user_0270,Kendrick Lamar,27
user_0270,Nicki Minaj,88
user_0270,J. Cole,88
user_0270,Drake,86
user_0271,David Guetta,43
user_0271,Alan Walker,108
user_0271,Avicii,70
user_0271,Martin Garrix,118
user_0271,Zedd,93
user_0271,Marshmello,23
user_0271,Kygo,40
user_0271,Calvin Harris,60
user_0272,Imagine Dragons,85
user_0272,Coldplay,56
user_0272,Foo Fighters,90
user_0272,Green Day,95
user_0272,The Killers,52
user_0272,Maroon 5,114
user_0272,Linkin Park,106
user_0272,OneRepublic,110
user_0272,Taylor Swift,16
user_0272,Adele,24
user_0272,Ariana Grande,15
user_0272,Dua Lipa,25
user_0272,Katy Perry,9
user_0273,Shreya Ghoshal,31
user_0273,A.R. Rahman,84
user_0273,Neha Kakkar,82
user_0273,Pritam,48
user_0273,Sonu Nigam,105
user_0273,Sunidhi Chauhan,107
user_0273,Badshah,53
user_0273,Dua Lipa,16
user_0273,Adele,24
user_0273,Ed Sheeran,14
user_0274,Martin Garrix,20
user_0274,David Guetta,21
user_0274,Alan Walker,67
user_0274,Calvin Harris,63
user_0274,Zedd,23
user_0274,Kygo,55
user_0274,Marshmello,47
user_0275,Alan Walker,86
user_0275,Zedd,62
user_0275,Martin Garrix,99
user_0275,Marshmello,107
user_0275,Avicii,61
user_0275,David Guetta,109
user_0275,Calvin Harris,31
user_0275,Kygo,30
user_0275,Sonu Nigam,21
user_0275,Shreya Ghoshal,10
user_0275,Pritam,7
user_0276,Pritam,50
user_0276,Sonu Nigam,120
user_0276,Arijit Singh,23
user_0276,A.R. Rahman,106
user_0276,Shreya Ghoshal,48
user_0276,Sunidhi Chauhan,23
user_0276,Neha Kakkar,86
user_0276,Justin Bieber,36
user_0276,Taylor Swift,30
user_0276,Dua Lipa,38
user_0277,J. Cole,65
user_0277,Post Malone,62
user_0277,Nicki Minaj,106
user_0277,Drake,98
user_0277,Cardi B,93
user_0277,Travis Scott,20
user_0277,Neha Kakkar,20
user_0277,Sunidhi Chauhan,19
user_0277,Badshah,11
user_0277,Sonu Nigam,22
user_0278,Foo Fighters,49
user_0278,Linkin Park,102
user_0278,Imagine Dragons,28
user_0278,Green Day,70
user_0278,Maroon 5,63
user_0278,The Killers,64
user_0278,OneRepublic,36
user_0278,Sunidhi Chauhan,11
user_0278,Shreya Ghoshal,35
user_0278,Pritam,17
user_0278,Sonu Nigam,20
user_0278,Neha Kakkar,26
user_0279,Ed Sheeran,53
user_0279,Adele,91
user_0279,Taylor Swift,101
user_0279,Justin Bieber,45
user_0279,Ariana Grande,46
user_0279,Bruno Mars,26
user_0279,Dua Lipa,81
user_0279,Green Day,18
user_0279,Coldplay,31
user_0279,Maroon 5,32
user_0279,Linkin Park,29
user_0280,Bruno Mars,48
user_0280,Adele,75
user_0280,Ariana Grande,27
user_0280,Katy Perry,42
user_0280,Taylor Swift,23
user_0280,Ed Sheeran,73
user_0280,Arijit Singh,6
user_0280,Sunidhi Chauhan,18
user_0280,Badshah,12
user_0280,Sonu Nigam,22
user_0281,Cardi B,68
user_0281,Post Malone,113
user_0281,Travis Scott,103
user_0281,Kendrick Lamar,71
user_0281,Drake,36
user_0281,Nicki Minaj,64
user_0281,J. Cole,88
user_0281,Eminem,47
user_0281,Katy Perry,19
user_0281,Justin Bieber,28
user_0281,Ed Sheeran,5
user_0281,Bruno Mars,5
user_0282,Sunidhi Chauhan,120
user_0282,Badshah,113
user_0282,Arijit Singh,112
user_0282,A.R. Rahman,42
user_0282,Neha Kakkar,79
user_0282,Sonu Nigam,60
user_0282,Shreya Ghoshal,117
user_0282,Pritam,115
user_0282,J. Cole,32
user_0282,Kendrick Lamar,14
user_0282,Nicki Minaj,38
user_0282,Drake,39
user_0282,Eminem,23
user_0283,The Killers,35
user_0283,Coldplay,41
user_0283,OneRepublic,63
user_0283,Maroon 5,24
user_0283,Linkin Park,51
user_0283,Green Day,66
user_0284,Eminem,59
user_0284,Cardi B,115
user_0284,Nicki Minaj,86
user_0284,Kendrick Lamar,63
user_0284,J. Cole,22
user_0284,Travis Scott,21
user_0284,Drake,42
user_0284,Post Malone,43
user_0284,A.R. Rahman,40
user_0284,Neha Kakkar,19
user_0284,Shreya Ghoshal,15
user_0284,Badshah,19
user_0284,Sonu Nigam,35
user_0285,Ed Sheeran,53
user_0285,Justin Bieber,88
user_0285,Ariana Grande,103
user_0285,Katy Perry,109
user_0285,Bruno Mars,27
user_0285,Adele,60
user_0285,Dua Lipa,21
user_0285,Taylor Swift,102
user_0285,Nicki Minaj,5
user_0285,Drake,15
user_0285,Kendrick Lamar,26
user_0285,Travis Scott,9
user_0286,Bruno Mars,28
user_0286,Ariana Grande,33
user_0286,Adele,115
user_0286,Dua Lipa,72
user_0286,Justin Bieber,66
user_0286,Taylor Swift,89
user_0286,Ed Sheeran,83
user_0286,Neha Kakkar,14
user_0286,Sonu Nigam,38
user_0286,Arijit Singh,32
user_0287,Drake,44
user_0287,Kendrick Lamar,72
user_0287,Nicki Minaj,90
user_0287,Eminem,44
user_0287,Cardi B,79
user_0287,J. Cole,91
user_0287,Post Malone,72
user_0287,Calvin Harris,18
user_0287,Avicii,26
user_0287,David Guetta,10
user_0288,Post Malone,59
user_0288,Kendrick Lamar,84
user_0288,Travis Scott,120
user_0288,Cardi B,52
user_0288,Drake,42
user_0288,Nicki Minaj,120
user_0288,J. Cole,48
user_0288,Shreya Ghoshal,12
user_0288,Sonu Nigam,40
user_0288,Pritam,23
user_0289,David Guetta,54
user_0289,Zedd,108
user_0289,Calvin Harris,71
user_0289,Avicii,32
user_0289,Marshmello,45
user_0289,Martin Garrix,88
user_0289,Kygo,65
user_0289,Alan Walker,41
user_0289,Maroon 5,34
user_0289,The Killers,18
user_0289,Coldplay,31
user_0289,Foo Fighters,9
user_0290,Avicii,39
user_0290,Alan Walker,54
user_0290,Zedd,105
user_0290,David Guetta,41
user_0290,Calvin Harris,86
user_0290,Marshmello,68
user_0290,Kygo,52
user_0290,Neha Kakkar,10
user_0290,Sunidhi Chauhan,33
user_0290,Pritam,18
user_0290,A.R. Rahman,36
user_0290,Sonu Nigam,31
user_0291,Drake,100
user_0291,Travis Scott,24
user_0291,Eminem,80
user_0291,J. Cole,67
user_0291,Cardi B,99
user_0291,Post Malone,100
user_0291,Kendrick Lamar,86
user_0291,Sonu Nigam,40
user_0291,Sunidhi Chauhan,27
user_0291,Shreya Ghoshal,13
user_0292,Kendrick Lamar,36
user_0292,Travis Scott,26
user_0292,Cardi B,69
user_0292,Drake,77
user_0292,Nicki Minaj,44
user_0292,Eminem,41
user_0292,Foo Fighters,27
user_0292,Maroon 5,27
user_0292,Coldplay,25
user_0293,Zedd,102
user_0293,Alan Walker,50
user_0293,Martin Garrix,112
user_0293,David Guetta,30
user_0293,Kygo,111
user_0293,Marshmello,97
user_0293,Avicii,42
user_0293,Calvin Harris,85
user_0293,Imagine Dragons,24
user_0293,Maroon 5,11
user_0293,The Killers,12
user_0294,Eminem,52
user_0294,Cardi B,42
user_0294,Kendrick Lamar,112
user_0294,Drake,37
user_0294,Post Malone,116
user_0294,Nicki Minaj,67
user_0294,Shreya Ghoshal,10
user_0294,Badshah,38
user_0294,Neha Kakkar,6
user_0294,Sunidhi Chauhan,28
user_0295,Pritam,117
user_0295,Sunidhi Chauhan,93
user_0295,Shreya Ghoshal,96
user_0295,Neha Kakkar,39
user_0295,Sonu Nigam,26
user_0295,Badshah,49
user_0295,A.R. Rahman,106
user_0295,Alan Walker,16
user_0295,Zedd,27
user_0295,Avicii,16
user_0295,Kygo,26
user_0295,Martin Garrix,33
user_0296,Sonu Nigam,51
user_0296,A.R. Rahman,82
user_0296,Neha Kakkar,43
user_0296,Sunidhi Chauhan,40
user_0296,Arijit Singh,57
user_0296,Badshah,110
user_0296,Pritam,97
user_0297,Bruno Mars,43
user_0297,Adele,101
user_0297,Justin Bieber,103
user_0297,Taylor Swift,117
user_0297,Ed Sheeran,36
user_0297,Katy Perry,84
user_0297,Dua Lipa,119
user_0297,Ariana Grande,101
user_0297,Coldplay,7
user_0297,Maroon 5,24
user_0297,Linkin Park,30
user_0297,Foo Fighters,24
user_0298,Eminem,71
user_0298,Post Malone,119
user_0298,J. Cole,82
user_0298,Nicki Minaj,24
user_0298,Drake,56
user_0298,Cardi B,59
user_0298,Kendrick Lamar,47
user_0298,Maroon 5,23
user_0298,Imagine Dragons,26
user_0298,The Killers,40
user_0299,Calvin Harris,78
user_0299,Avicii,63
user_0299,Alan Walker,62
user_0299,Kygo,56
user_0299,Marshmello,25
user_0299,Zedd,106
user_0299,Nicki Minaj,34
user_0299,Travis Scott,19
user_0299,Kendrick Lamar,5
user_0299,Cardi B,32
user_0300,Eminem,107
user_0300,Drake,43
user_0300,Cardi B,76
user_0300,Travis Scott,102
user_0300,Post Malone,49
user_0300,J. Cole,88
user_0300,Nicki Minaj,22
user_0300,Marshmello,35
user_0300,Alan Walker,17
user_0300,Kygo,11
user_0300,Martin Garrix,20
user_0300,Avicii,27
user_0301,Calvin Harris,90
user_0301,Avicii,82
user_0301,Alan Walker,76
user_0301,Marshmello,50
user_0301,Kygo,30
user_0301,Zedd,63
user_0301,Martin Garrix,46
user_0301,David Guetta,75
user_0301,Arijit Singh,38
user_0301,Pritam,23
user_0301,Neha Kakkar,40
user_0302,Dua Lipa,25
user_0302,Adele,43
user_0302,Taylor Swift,24
user_0302,Ed Sheeran,106
user_0302,Katy Perry,42
user_0302,Bruno Mars,54
user_0302,Travis Scott,14
user_0302,J. Cole,16
user_0302,Kendrick Lamar,16
user_0303,Cardi B,119
user_0303,Nicki Minaj,67
user_0303,J. Cole,85
user_0303,Post Malone,41
user_0303,Kendrick Lamar,30
user_0303,Travis Scott,26
user_0303,A.R. Rahman,15
user_0303,Neha Kakkar,40
user_0303,Sonu Nigam,40
user_0304,Sonu Nigam,109
user_0304,Pritam,53
user_0304,Arijit Singh,84
user_0304,Badshah,92
user_0304,Shreya Ghoshal,104
user_0304,A.R. Rahman,83
user_0304,Neha Kakkar,91
user_0304,Sunidhi Chauhan,104
user_0304,Alan Walker,5
user_0304,Marshmello,5
user_0304,Martin Garrix,23
user_0305,Drake,22
user_0305,Post Malone,93
user_0305,J. Cole,73
user_0305,Cardi B,65
user_0305,Eminem,110
user_0305,Kendrick Lamar,51
user_0305,Travis Scott,77
user_0305,Linkin Park,20
user_0305,Coldplay,14
user_0305,Green Day,17
user_0305,Maroon 5,31
user_0305,Foo Fighters,32
user_0306,Foo Fighters,25
user_0306,Coldplay,53
user_0306,Green Day,113
user_0306,The Killers,35
user_0306,Imagine Dragons,27
user_0306,Maroon 5,95
user_0306,Linkin Park,27
user_0306,J. Cole,19
user_0306,Eminem,25
user_0306,Cardi B,21
user_0307,Coldplay,30
user_0307,Green Day,63
user_0307,Foo Fighters,68
user_0307,Linkin Park,100
user_0307,The Killers,64
user_0307,OneRepublic,114
user_0307,Imagine Dragons,33
user_0307,Adele,12
user_0307,Katy Perry,19
user_0307,Ed Sheeran,16
user_0308,Sonu Nigam,49
user_0308,Badshah,31
user_0308,Arijit Singh,50
user_0308,Shreya Ghoshal,111
user_0308,A.R. Rahman,46
user_0308,Pritam,119
user_0308,Neha Kakkar,66
user_0308,Sunidhi Chauhan,107
user_0308,Calvin Harris,28
user_0308,Marshmello,7
user_0308,Alan Walker,19
user_0308,Martin Garrix,14
user_0309,Adele,53
user_0309,Ed Sheeran,79
user_0309,Ariana Grande,60
user_0309,Taylor Swift,35
user_0309,Katy Perry,108
user_0309,Dua Lipa,109
user_0309,Justin Bieber,104
user_0309,Bruno Mars,57
user_0309,Kygo,22
user_0309,Martin Garrix,22
user_0309,Alan Walker,39
user_0310,Alan Walker,77
user_0310,Marshmello,93
user_0310,Martin Garrix,96
user_0310,Avicii,116
user_0310,David Guetta,53
user_0310,Calvin Harris,50
user_0310,Zedd,117
user_0310,Kygo,119
user_0310,Post Malone,24
user_0310,Eminem,35
user_0310,Drake,16
user_0311,A.R. Rahman,120
user_0311,Shreya Ghoshal,85
user_0311,Arijit Singh,44
user_0311,Badshah,52
user_0311,Sonu Nigam,46
user_0311,Pritam,104
user_0311,Neha Kakkar,29
user_0311,Ariana Grande,27
user_0311,Katy Perry,6
user_0311,Dua Lipa,40
user_0311,Bruno Mars,26
user_0312,Linkin Park,60
user_0312,Coldplay,74
user_0312,Green Day,24
user_0312,The Killers,27
user_0312,OneRepublic,112
user_0312,Imagine Dragons,23
user_0312,Maroon 5,61
user_0312,Foo Fighters,97
user_0312,Avicii,10
user_0312,Marshmello,38
user_0312,David Guetta,26
user_0312,Martin Garrix,14
user_0313,Nicki Minaj,98
user_0313,Post Malone,53
user_0313,Travis Scott,90
user_0313,J. Cole,92
user_0313,Eminem,87
user_0313,Cardi B,47
user_0313,Drake,103
user_0313,Kendrick Lamar,43
user_0313,Green Day,30
user_0313,Coldplay,31
user_0313,Linkin Park,32
user_0313,OneRepublic,31
user_0313,Foo Fighters,9
user_0314,Marshmello,80
user_0314,Calvin Harris,53
user_0314,Avicii,62
user_0314,Alan Walker,85
user_0314,Zedd,56
user_0314,Kygo,49
user_0314,David Guetta,102
user_0314,Martin Garrix,61
user_0314,J. Cole,39
user_0314,Post Malone,13
user_0314,Travis Scott,20
user_0315,OneRepublic,72
user_0315,Imagine Dragons,88
user_0315,The Killers,50
user_0315,Linkin Park,45
user_0315,Maroon 5,94
user_0315,Coldplay,92
user_0315,Green Day,36
user_0315,Foo Fighters,41
user_0316,Green Day,28
user_0316,The Killers,40
user_0316,Linkin Park,39
user_0316,Maroon 5,60
user_0316,Imagine Dragons,66
user_0316,OneRepublic,49
user_0316,Eminem,27
user_0316,J. Cole,19
user_0316,Drake,16
user_0316,Post Malone,16
user_0317,Imagine Dragons,34
user_0317,Green Day,32
user_0317,OneRepublic,75
user_0317,Coldplay,59
user_0317,Foo Fighters,93
user_0317,Maroon 5,71
user_0317,Martin Garrix,32
user_0317,Zedd,29
user_0317,Calvin Harris,16
user_0318,Sunidhi Chauhan,55
user_0318,Shreya Ghoshal,119
user_0318,Arijit Singh,58
user_0318,Neha Kakkar,120
user_0318,Pritam,69
user_0318,A.R. Rahman,97
user_0318,Calvin Harris,10
user_0318,Martin Garrix,26
user_0318,Zedd,5
user_0318,Kygo,17
user_0318,Marshmello,5
user_0319,Neha Kakkar,35
user_0319,Badshah,27
user_0319,Pritam,33
user_0319,Arijit Singh,58
user_0319,Shreya Ghoshal,101
user_0319,A.R. Rahman,36
user_0319,Sunidhi Chauhan,102
user_0319,Sonu Nigam,20
user_0320,Kygo,71
user_0320,Avicii,95
user_0320,David Guetta,110
user_0320,Zedd,37
user_0320,Marshmello,116
user_0320,Calvin Harris,114
user_0320,Martin Garrix,82
user_0320,Pritam,28
user_0320,Shreya Ghoshal,29
user_0320,Neha Kakkar,27
user_0321,Ariana Grande,114
user_0321,Dua Lipa,72
user_0321,Bruno Mars,87
user_0321,Ed Sheeran,29
user_0321,Taylor Swift,57
user_0321,Katy Perry,83
user_0321,Alan Walker,21
user_0321,Martin Garrix,23
user_0321,Marshmello,25
user_0321,David Guetta,28
user_0321,Calvin Harris,40
user_0322,Zedd,108
user_0322,Avicii,102
user_0322,Alan Walker,34
user_0322,Calvin Harris,83
user_0322,Kygo,61
user_0322,Marshmello,83
user_0322,Kendrick Lamar,14
user_0322,Post Malone,37
user_0322,Nicki Minaj,39
user_0322,Drake,16
user_0323,The Killers,54
user_0323,Imagine Dragons,108
user_0323,Maroon 5,73
user_0323,Coldplay,56
user_0323,Foo Fighters,23
user_0323,Green Day,37
user_0323,J. Cole,16
user_0323,Cardi B,17
user_0323,Kendrick Lamar,8
user_0323,Eminem,12
user_0323,Nicki Minaj,40
user_0324,Zedd,63
user_0324,David Guetta,65
user_0324,Alan Walker,88
user_0324,Marshmello,25
user_0324,Avicii,48
user_0324,Martin Garrix,106
user_0324,Drake,31
user_0324,Eminem,17
user_0324,Cardi B,22
user_0325,Eminem,20
user_0325,J. Cole,29
user_0325,Post Malone,117
user_0325,Nicki Minaj,87
user_0325,Cardi B,75
user_0325,Drake,21
user_0325,Kendrick Lamar,80
user_0325,Travis Scott,63
user_0325,Shreya Ghoshal,9
user_0325,Arijit Singh,21
user_0325,Sunidhi Chauhan,36
user_0325,Pritam,15
user_0326,Travis Scott,53
user_0326,Cardi B,54
user_0326,Eminem,87
user_0326,Nicki Minaj,49
user_0326,J. Cole,35
user_0326,Drake,46
user_0326,Alan Walker,13
user_0326,Kygo,27
user_0326,Zedd,28
user_0327,Nicki Minaj,107
user_0327,Drake,105
user_0327,Eminem,52
user_0327,Post Malone,20
user_0327,Kendrick Lamar,32
user_0327,J. Cole,30
user_0327,Linkin Park,30
user_0327,Foo Fighters,31
user_0327,Maroon 5,30
user_0327,Green Day,21
user_0327,OneRepublic,39
user_0328,Coldplay,20
user_0328,Foo Fighters,112
user_0328,Green Day,77
user_0328,Maroon 5,44
user_0328,The Killers,83
user_0328,Linkin Park,88
user_0328,OneRepublic,112
user_0328,Ariana Grande,37
user_0328,Katy Perry,21
user_0328,Dua Lipa,37
user_0328,Justin Bieber,24
user_0329,Pritam,99
user_0329,Badshah,48
user_0329,Arijit Singh,113
user_0329,Shreya Ghoshal,85
user_0329,A.R. Rahman,64
user_0329,Sunidhi Chauhan,83
user_0329,Neha Kakkar,108
user_0329,The Killers,27
user_0329,Green Day,20
user_0329,Linkin Park,14
user_0330,Coldplay,84
user_0330,Foo Fighters,50
user_0330,Imagine Dragons,44
user_0330,The Killers,62
user_0330,Linkin Park,93
user_0330,Green Day,38
user_0330,Maroon 5,118
user_0330,Neha Kakkar,11
user_0330,Badshah,25
user_0330,A.R. Rahman,11
user_0330,Sonu Nigam,19
user_0330,Arijit Singh,9
user_0331,Marshmello,48
user_0331,Zedd,38
user_0331,Calvin Harris,119
user_0331,Alan Walker,109
user_0331,Martin Garrix,33
user_0331,David Guetta,64
user_0331,Kygo,94
user_0331,Shreya Ghoshal,10
user_0331,Sunidhi Chauhan,9
user_0331,Pritam,33
user_0331,Badshah,31
user_0332,Calvin Harris,110
user_0332,Zedd,55
user_0332,Alan Walker,86
user_0332,Martin Garrix,89
user_0332,Avicii,104
user_0332,Kygo,117
user_0332,Marshmello,82
user_0333,David Guetta,57
user_0333,Alan Walker,104
user_0333,Calvin Harris,107
user_0333,Zedd,72
user_0333,Marshmello,57
user_0333,Kygo,107
user_0333,Avicii,37
user_0333,Cardi B,32
user_0333,Eminem,8
user_0333,Post Malone,37
user_0333,Nicki Minaj,14
user_0334,Sunidhi Chauhan,79
user_0334,A.R. Rahman,110
user_0334,Shreya Ghoshal,87
user_0334,Neha Kakkar,106
user_0334,Arijit Singh,79
user_0334,Pritam,25
user_0335,Taylor Swift,104
user_0335,Adele,98
user_0335,Katy Perry,25
user_0335,Justin Bieber,82
user_0335,Ariana Grande,82
user_0335,Dua Lipa,74
user_0335,Zedd,19
user_0335,Martin Garrix,12
user_0335,Kygo,23
user_0336,Cardi B,87
user_0336,Post Malone,109
user_0336,Nicki Minaj,120
user_0336,Kendrick Lamar,100
user_0336,Eminem,98
user_0336,J. Cole,109
user_0336,Linkin Park,9
user_0336,Maroon 5,29
user_0336,Foo Fighters,32
user_0336,Imagine Dragons,37
user_0337,David Guetta,92
user_0337,Martin Garrix,23
user_0337,Calvin Harris,84
user_0337,Zedd,107
user_0337,Kygo,99
user_0337,Alan Walker,51
user_0337,Eminem,6
user_0337,Drake,39
user_0337,Nicki Minaj,13
user_0337,Cardi B,6
user_0338,Calvin Harris,44
user_0338,Zedd,21
user_0338,Kygo,25
user_0338,Alan Walker,88
user_0338,Marshmello,28
user_0338,Avicii,44
user_0338,Martin Garrix,112
user_0338,OneRepublic,17
user_0338,Linkin Park,34
user_0338,Foo Fighters,31
user_0338,The Killers,34
user_0338,Maroon 5,33
user_0339,Adele,108
user_0339,Justin Bieber,28
user_0339,Ed Sheeran,58
user_0339,Dua Lipa,120
user_0339,Bruno Mars,107
user_0339,Katy Perry,120
user_0339,Ariana Grande,38
user_0339,Taylor Swift,66
user_0340,Arijit Singh,102
user_0340,Sonu Nigam,31
user_0340,A.R. Rahman,89
user_0340,Sunidhi Chauhan,54
user_0340,Badshah,33
user_0340,Pritam,37
user_0341,Adele,100
user_0341,Ed Sheeran,81
user_0341,Katy Perry,89
user_0341,Dua Lipa,96
user_0341,Ariana Grande,94
user_0341,Bruno Mars,76
user_0341,Maroon 5,23
user_0341,The Killers,33
user_0341,Green Day,7
user_0341,Linkin Park,28
user_0341,OneRepublic,29
user_0342,Arijit Singh,50
user_0342,Sunidhi Chauhan,105
user_0342,Neha Kakkar,68
user_0342,Sonu Nigam,92
user_0342,Badshah,31
user_0342,Pritam,37
user_0342,A.R. Rahman,65
user_0342,Shreya Ghoshal,56
user_0342,Zedd,34
user_0342,Marshmello,16
user_0342,Kygo,17
user_0342,Calvin Harris,28
user_0342,Alan Walker,27
user_0343,Neha Kakkar,114
user_0343,Badshah,53
user_0343,Sunidhi Chauhan,81
user_0343,Pritam,47
user_0343,Arijit Singh,84
user_0343,Sonu Nigam,77
user_0343,Adele,40
user_0343,Ariana Grande,35
user_0343,Justin Bieber,36
user_0343,Ed Sheeran,8
user_0343,Dua Lipa,5
user_0344,Drake,45
user_0344,Nicki Minaj,67
user_0344,Cardi B,80
user_0344,Eminem,77
user_0344,Travis Scott,23
user_0344,Post Malone,49
user_0344,David Guetta,12
user_0344,Kygo,12
user_0344,Avicii,26
user_0344,Zedd,27
user_0344,Alan Walker,25
user_0345,Green Day,119
user_0345,Imagine Dragons,48
user_0345,The Killers,40
user_0345,Coldplay,51
user_0345,OneRepublic,41
user_0345,Foo Fighters,42
user_0345,Linkin Park,69
user_0346,Calvin Harris,105
user_0346,Alan Walker,79
user_0346,David Guetta,52
user_0346,Marshmello,72
user_0346,Martin Garrix,74
user_0346,Zedd,105
user_0346,Kygo,73
user_0347,Ariana Grande,90
user_0347,Adele,33
user_0347,Katy Perry,98
user_0347,Dua Lipa,100
user_0347,Bruno Mars,103
user_0347,Taylor Swift,66
user_0348,Sunidhi Chauhan,47
user_0348,Pritam,83
user_0348,Shreya Ghoshal,46
user_0348,A.R. Rahman,76
user_0348,Arijit Singh,80
user_0348,Sonu Nigam,85
user_0348,Badshah,100
user_0349,Calvin Harris,70
user_0349,Marshmello,102
user_0349,David Guetta,93
user_0349,Avicii,102
user_0349,Kygo,85
user_0349,Alan Walker,108
user_0349,Zedd,45
user_0349,Martin Garrix,24
user_0350,Marshmello,59
user_0350,Zedd,84
user_0350,Martin Garrix,86
user_0350,Avicii,117
user_0350,David Guetta,104
user_0350,Alan Walker,43
user_0350,Bruno Mars,24
user_0350,Taylor Swift,29
user_0350,Ariana Grande,24
user_0350,Justin Bieber,18
user_0351,Kygo,75
user_0351,Calvin Harris,28
user_0351,Avicii,27
user_0351,Zedd,62
user_0351,Marshmello,87
user_0351,David Guetta,51
user_0351,Alan Walker,51
user_0351,Ed Sheeran,29
user_0351,Bruno Mars,13
user_0351,Justin Bieber,13
user_0352,Justin Bieber,38
user_0352,Ariana Grande,117
user_0352,Ed Sheeran,88
user_0352,Katy Perry,42
user_0352,Adele,88
user_0352,Taylor Swift,96
user_0352,Dua Lipa,56
user_0352,Bruno Mars,54
user_0352,Avicii,29
user_0352,Calvin Harris,18
user_0352,Kygo,25
user_0352,Marshmello,6
user_0352,Alan Walker,19
user_0353,Imagine Dragons,29
user_0353,Maroon 5,58
user_0353,Green Day,97
user_0353,Linkin Park,78
user_0353,OneRepublic,114
user_0353,The Killers,102
user_0353,Coldplay,26
user_0354,Nicki Minaj,119
user_0354,Travis Scott,106
user_0354,Drake,58
user_0354,Kendrick Lamar,99
user_0354,J. Cole,29
user_0354,Eminem,106
user_0354,Post Malone,59
user_0354,David Guetta,21
user_0354,Zedd,34
user_0354,Calvin Harris,23
user_0354,Marshmello,31
user_0354,Kygo,30
user_0355,Kendrick Lamar,93
user_0355,Eminem,31
user_0355,Travis Scott,77
user_0355,Post Malone,113
user_0355,Cardi B,40
user_0355,J. Cole,37
user_0355,Drake,62
user_0355,Coldplay,18
user_0355,Imagine Dragons,36
user_0355,Foo Fighters,21
user_0356,J. Cole,102
user_0356,Kendrick Lamar,120
user_0356,Travis Scott,99
user_0356,Eminem,73
user_0356,Post Malone,67
user_0356,Drake,59
user_0356,Shreya Ghoshal,20
user_0356,Neha Kakkar,10
user_0356,Pritam,24
user_0357,Dua Lipa,94
user_0357,Katy Perry,84
user_0357,Taylor Swift,108
user_0357,Justin Bieber,60
user_0357,Adele,48
user_0357,Bruno Mars,35
user_0357,Ariana Grande,113
user_0357,Ed Sheeran,60
user_0357,Eminem,38
user_0357,J. Cole,7
user_0357,Drake,6
user_0357,Post Malone,20
user_0357,Kendrick Lamar,5
user_0358,Katy Perry,106
user_0358,Ariana Grande,26
user_0358,Taylor Swift,39
user_0358,Adele,37
user_0358,Bruno Mars,23
user_0358,Justin Bieber,31
user_0358,Neha Kakkar,6
user_0358,Pritam,31
user_0358,Sonu Nigam,29
user_0358,Badshah,7
user_0358,Arijit Singh,6
user_0359,Katy Perry,22
user_0359,Taylor Swift,84
user_0359,Justin Bieber,58
user_0359,Ed Sheeran,34
user_0359,Adele,74
user_0359,Bruno Mars,75
user_0359,Sonu Nigam,9
user_0359,Neha Kakkar,6
user_0359,Sunidhi Chauhan,18
user_0359,Shreya Ghoshal,38
user_0359,Badshah,26
user_0360,Calvin Harris,59
user_0360,Zedd,87
user_0360,Kygo,33
user_0360,Alan Walker,73
user_0360,Avicii,107
user_0360,Martin Garrix,66
user_0360,Adele,13
user_0360,Ed Sheeran,16
user_0360,Ariana Grande,23
user_0360,Taylor Swift,13
user_0361,J. Cole,46
user_0361,Kendrick Lamar,47
user_0361,Eminem,53
user_0361,Cardi B,104
user_0361,Nicki Minaj,44
user_0361,Travis Scott,47
user_0361,Ariana Grande,33
user_0361,Dua Lipa,8
user_0361,Ed Sheeran,21
user_0362,Alan Walker,97
user_0362,Zedd,101
user_0362,Calvin Harris,49
user_0362,Kygo,92
user_0362,Martin Garrix,40
user_0362,Avicii,56
user_0362,Eminem,5
user_0362,Cardi B,15
user_0362,Drake,38
user_0362,Travis Scott,10
user_0363,Alan Walker,94
user_0363,Martin Garrix,66
user_0363,Calvin Harris,117
user_0363,David Guetta,54
user_0363,Kygo,20
user_0363,Avicii,90
user_0364,Imagine Dragons,57
user_0364,Green Day,120
user_0364,Maroon 5,63
user_0364,OneRepublic,22
user_0364,The Killers,23
user_0364,Linkin Park,118
user_0364,Foo Fighters,73
user_0365,Calvin Harris,104
user_0365,Alan Walker,41
user_0365,Zedd,33
user_0365,Kygo,108
user_0365,David Guetta,39
user_0365,Martin Garrix,74
user_0365,Marshmello,69
user_0365,Dua Lipa,40
user_0365,Katy Perry,6
user_0365,Ariana Grande,23
user_0365,Ed Sheeran,20
user_0366,Sunidhi Chauhan,113
user_0366,Arijit Singh,23
user_0366,Shreya Ghoshal,34
user_0366,Badshah,105
user_0366,Neha Kakkar,72
user_0366,Pritam,23
user_0366,The Killers,24
user_0366,Imagine Dragons,17
user_0366,OneRepublic,30
user_0366,Green Day,18
user_0367,Ariana Grande,106
user_0367,Katy Perry,69
user_0367,Ed Sheeran,35
user_0367,Justin Bieber,51
user_0367,Bruno Mars,42
user_0367,Adele,65
user_0367,Taylor Swift,67
user_0368,Shreya Ghoshal,104
user_0368,Pritam,70
user_0368,Sonu Nigam,77
user_0368,Sunidhi Chauhan,117
user_0368,A.R. Rahman,84
user_0368,Neha Kakkar,22
user_0368,Badshah,37
user_0368,Arijit Singh,63
user_0369,Katy Perry,37
user_0369,Ed Sheeran,104
user_0369,Taylor Swift,38
user_0369,Ariana Grande,40
user_0369,Dua Lipa,66
user_0369,Justin Bieber,63
user_0369,Foo Fighters,13
user_0369,Green Day,8
user_0369,Linkin Park,36
user_0369,The Killers,21
user_0369,Maroon 5,9
user_0370,Zedd,23
user_0370,Martin Garrix,37
user_0370,Calvin Harris,22
user_0370,Kygo,102
user_0370,Alan Walker,66
user_0370,Avicii,26
user_0370,Foo Fighters,11
user_0370,Green Day,31
user_0370,Linkin Park,20
user_0370,Coldplay,7
user_0370,Maroon 5,19
user_0371,Zedd,53
user_0371,Kygo,57
user_0371,Martin Garrix,109
user_0371,Marshmello,70
user_0371,Avicii,92
user_0371,David Guetta,111
user_0371,Calvin Harris,113
user_0371,Alan Walker,106
user_0372,Nicki Minaj,114
user_0372,Eminem,70
user_0372,Post Malone,105
user_0372,Drake,72
user_0372,Travis Scott,80
user_0372,Kendrick Lamar,36
user_0372,J. Cole,54
user_0372,Calvin Harris,6
user_0372,Kygo,30
user_0372,David Guetta,35
user_0373,Justin Bieber,55
user_0373,Taylor Swift,91
user_0373,Adele,108
user_0373,Ariana Grande,69
user_0373,Dua Lipa,84
user_0373,Ed Sheeran,80
user_0373,Coldplay,11
user_0373,OneRepublic,35
user_0373,Green Day,35
user_0373,Imagine Dragons,31
user_0374,A.R. Rahman,105
user_0374,Shreya Ghoshal,95
user_0374,Neha Kakkar,107
user_0374,Sonu Nigam,58
user_0374,Arijit Singh,46
user_0374,Badshah,63
user_0374,Katy Perry,17
user_0374,Justin Bieber,21
user_0374,Bruno Mars,19
user_0374,Adele,15
user_0375,Kendrick Lamar,97
user_0375,Drake,59
user_0375,Cardi B,63
user_0375,Travis Scott,98
user_0375,Post Malone,47
user_0375,J. Cole,109
user_0375,Nicki Minaj,70
user_0375,Neha Kakkar,23
user_0375,Sunidhi Chauhan,20
user_0375,Sonu Nigam,9
user_0375,Arijit Singh,39
user_0375,A.R. Rahman,36
user_0376,Post Malone,118
user_0376,Travis Scott,52
user_0376,Drake,91
user_0376,Kendrick Lamar,105
user_0376,Cardi B,48
user_0376,Eminem,84
user_0376,Nicki Minaj,40
user_0376,David Guetta,28
user_0376,Zedd,20
user_0376,Martin Garrix,32
user_0376,Alan Walker,27
user_0376,Calvin Harris,11
user_0377,Adele,39
user_0377,Justin Bieber,33
user_0377,Bruno Mars,58
user_0377,Ariana Grande,80
user_0377,Katy Perry,26
user_0377,Taylor Swift,96
user_0377,Dua Lipa,66
user_0377,Ed Sheeran,100
user_0377,Sunidhi Chauhan,7
user_0377,Shreya Ghoshal,23
user_0377,A.R. Rahman,10
user_0377,Sonu Nigam,12
user_0378,Katy Perry,69
user_0378,Justin Bieber,115
user_0378,Ariana Grande,72
user_0378,Bruno Mars,73
user_0378,Adele,114
user_0378,Taylor Swift,35
user_0378,Dua Lipa,29
user_0378,Ed Sheeran,65
user_0378,Travis Scott,19
user_0378,Eminem,33
user_0378,Post Malone,14
user_0378,Kendrick Lamar,7
user_0379,J. Cole,64
user_0379,Drake,51
user_0379,Travis Scott,31
user_0379,Kendrick Lamar,79
user_0379,Eminem,112
user_0379,Cardi B,72
user_0379,Neha Kakkar,13
user_0379,Pritam,25
user_0379,A.R. Rahman,31
user_0380,Sonu Nigam,89
user_0380,Badshah,56
user_0380,Sunidhi Chauhan,96
user_0380,A.R. Rahman,31
user_0380,Neha Kakkar,49
user_0380,Pritam,25
user_0380,Shreya Ghoshal,48
user_0380,Arijit Singh,113
user_0380,Green Day,30
user_0380,OneRepublic,38
user_0380,Linkin Park,13
user_0380,Coldplay,10
user_0380,The Killers,31
user_0381,Coldplay,100
user_0381,Foo Fighters,60
user_0381,Maroon 5,26
user_0381,Green Day,81
user_0381,OneRepublic,97
user_0381,Linkin Park,120
user_0381,The Killers,88
user_0381,Imagine Dragons,77
user_0381,Dua Lipa,13
user_0381,Justin Bieber,20
user_0381,Katy Perry,17
user_0382,Avicii,66
user_0382,Calvin Harris,22
user_0382,Marshmello,47
user_0382,Alan Walker,120
user_0382,David Guetta,56
user_0382,Kygo,46
user_0382,Martin Garrix,86
user_0382,Zedd,87
user_0383,Pritam,79
user_0383,Sunidhi Chauhan,88
user_0383,Badshah,112
user_0383,Arijit Singh,26
user_0383,Sonu Nigam,53
user_0383,Neha Kakkar,46
user_0384,Shreya Ghoshal,34
user_0384,Arijit Singh,98
user_0384,Pritam,38
user_0384,Neha Kakkar,40
user_0384,A.R. Rahman,95
user_0384,Badshah,40
user_0384,Sonu Nigam,35
user_0384,Sunidhi Chauhan,21
user_0384,Drake,21
user_0384,Cardi B,17
user_0384,Kendrick Lamar,6
user_0384,Travis Scott,37
user_0385,Coldplay,49
user_0385,Green Day,47
user_0385,Maroon 5,62
user_0385,Linkin Park,120
user_0385,Foo Fighters,50
user_0385,Imagine Dragons,91
user_0385,Neha Kakkar,23
user_0385,A.R. Rahman,38
user_0385,Shreya Ghoshal,31
user_0385,Arijit Singh,14
user_0386,Cardi B,25
user_0386,J. Cole,76
user_0386,Post Malone,24
user_0386,Nicki Minaj,92
user_0386,Eminem,115
user_0386,Travis Scott,48
user_0387,Imagine Dragons,34
user_0387,Green Day,78
user_0387,Linkin Park,108
user_0387,The Killers,86
user_0387,OneRepublic,43
user_0387,Coldplay,33
user_0387,Badshah,38
user_0387,Arijit Singh,29
user_0387,Neha Kakkar,30
user_0388,A.R. Rahman,63
user_0388,Badshah,43
user_0388,Sonu Nigam,83
user_0388,Shreya Ghoshal,40
user_0388,Pritam,64
user_0388,Sunidhi Chauhan,114
user_0388,Neha Kakkar,96
user_0388,Arijit Singh,61
user_0389,J. Cole,23
user_0389,Drake,117
user_0389,Nicki Minaj,105
user_0389,Kendrick Lamar,107
user_0389,Post Malone,53
user_0389,Cardi B,71
user_0389,Travis Scott,88
user_0389,Imagine Dragons,33
user_0389,Maroon 5,13
user_0389,Green Day,37
user_0389,Foo Fighters,14
user_0390,A.R. Rahman,93
user_0390,Sunidhi Chauhan,27
user_0390,Arijit Singh,30
user_0390,Pritam,81
user_0390,Shreya Ghoshal,107
user_0390,Badshah,31
user_0390,Green Day,20
user_0390,Coldplay,23
user_0390,OneRepublic,10
user_0391,Bruno Mars,78
user_0391,Taylor Swift,101
user_0391,Ed Sheeran,54
user_0391,Dua Lipa,47
user_0391,Katy Perry,45
user_0391,Adele,20
user_0391,Alan Walker,25
user_0391,Zedd,18
user_0391,Kygo,12
user_0392,Green Day,113
user_0392,Coldplay,90
user_0392,OneRepublic,52
user_0392,The Killers,100
user_0392,Maroon 5,25
user_0392,Foo Fighters,58
user_0392,Imagine Dragons,85
user_0392,Linkin Park,22
user_0393,Neha Kakkar,112
user_0393,Sunidhi Chauhan,37
user_0393,Arijit Singh,51
user_0393,Shreya Ghoshal,94
user_0393,Badshah,86
user_0393,A.R. Rahman,78
user_0393,Travis Scott,33
user_0393,Cardi B,39
user_0393,Kendrick Lamar,24
user_0393,Drake,33
user_0394,Coldplay,101
user_0394,Imagine Dragons,116
user_0394,Linkin Park,68
user_0394,OneRepublic,27
user_0394,Maroon 5,39
user_0394,Foo Fighters,109
user_0394,The Killers,105
user_0394,Martin Garrix,20
user_0394,David Guetta,40
user_0394,Zedd,37
user_0394,Avicii,28
user_0395,Bruno Mars,52
user_0395,Katy Perry,55
user_0395,Dua Lipa,22
user_0395,Adele,115
user_0395,Ed Sheeran,101
user_0395,Taylor Swift,109
user_0395,Arijit Singh,34
user_0395,Sunidhi Chauhan,18
user_0395,Pritam,21
user_0395,A.R. Rahman,5
user_0396,Linkin Park,32
user_0396,Coldplay,54
user_0396,Maroon 5,66
user_0396,Green Day,109
user_0396,OneRepublic,69
user_0396,The Killers,64
user_0396,Imagine Dragons,36
user_0396,Foo Fighters,63
user_0396,Sunidhi Chauhan,7
user_0396,Arijit Singh,27
user_0396,Shreya Ghoshal,6
user_0396,Sonu Nigam,27
user_0397,The Killers,27
user_0397,Linkin Park,33
user_0397,Foo Fighters,52
user_0397,Imagine Dragons,62
user_0397,Coldplay,22
user_0397,Maroon 5,59
user_0397,Green Day,52
user_0397,OneRepublic,23
user_0397,Dua Lipa,33
user_0397,Taylor Swift,21
user_0397,Ariana Grande,8
user_0397,Justin Bieber,27
user_0397,Bruno Mars,40
user_0398,Katy Perry,26
user_0398,Ariana Grande,97
user_0398,Adele,20
user_0398,Dua Lipa,116
user_0398,Ed Sheeran,29
user_0398,Bruno Mars,56
user_0398,Badshah,26
user_0398,Pritam,37
user_0398,Shreya Ghoshal,22
user_0398,Arijit Singh,20
user_0398,Sonu Nigam,35
user_0399,Katy Perry,116
user_0399,Ariana Grande,88
user_0399,Dua Lipa,86
user_0399,Bruno Mars,52
user_0399,Taylor Swift,101
user_0399,Ed Sheeran,84
user_0399,Adele,22
user_0399,Kendrick Lamar,37
user_0399,Eminem,21
user_0399,Post Malone,37
user_0399,Drake,40
user_0400,Adele,58
user_0400,Ed Sheeran,78
user_0400,Taylor Swift,82
user_0400,Dua Lipa,49
user_0400,Katy Perry,26
user_0400,Ariana Grande,78
user_0400,Bruno Mars,86
user_0400,Sunidhi Chauhan,33
user_0400,Neha Kakkar,16
user_0400,Sonu Nigam,7
user_0400,Shreya Ghoshal,30
user_0401,Zedd,61
user_0401,Martin Garrix,52
user_0401,Kygo,87
user_0401,Avicii,49
user_0401,Calvin Harris,69
user_0401,Marshmello,105
user_0401,Alan Walker,58
user_0402,Linkin Park,30
user_0402,Maroon 5,30
user_0402,Coldplay,93
user_0402,Foo Fighters,70
user_0402,OneRepublic,60
user_0402,Imagine Dragons,39
user_0402,Green Day,97
user_0402,The Killers,84
user_0402,Taylor Swift,38
user_0402,Dua Lipa,16
user_0402,Katy Perry,22
user_0403,Arijit Singh,95
user_0403,A.R. Rahman,95
user_0403,Neha Kakkar,69
user_0403,Shreya Ghoshal,78
user_0403,Pritam,82
user_0403,Sunidhi Chauhan,32
user_0404,Imagine Dragons,93
user_0404,The Killers,90
user_0404,Coldplay,71
user_0404,Foo Fighters,120
user_0404,OneRepublic,29
user_0404,Green Day,93
user_0404,Kygo,17
user_0404,Zedd,40
user_0404,Calvin Harris,35
user_0404,Marshmello,18
user_0404,Alan Walker,25
user_0405,Kygo,53
user_0405,Martin Garrix,41
user_0405,David Guetta,103
user_0405,Marshmello,111
user_0405,Calvin Harris,57
user_0405,Alan Walker,28
user_0405,Avicii,28
user_0405,Imagine Dragons,22
user_0405,Maroon 5,28
user_0405,Linkin Park,29
user_0406,Arijit Singh,110
user_0406,Badshah,53
user_0406,Sonu Nigam,93
user_0406,Sunidhi Chauhan,88
user_0406,Neha Kakkar,118
user_0406,A.R. Rahman,30
user_0406,Shreya Ghoshal,117
user_0406,Ed Sheeran,36
user_0406,Taylor Swift,20
user_0406,Justin Bieber,30
user_0406,Adele,14
user_0407,Kygo,32
user_0407,Calvin Harris,104
user_0407,David Guetta,113
user_0407,Zedd,79
user_0407,Alan Walker,21
user_0407,Avicii,107
user_0407,Marshmello,80
user_0408,Shreya Ghoshal,101
user_0408,Pritam,101
user_0408,Neha Kakkar,119
user_0408,A.R. Rahman,86
user_0408,Sunidhi Chauhan,57
user_0408,Arijit Singh,64
user_0408,Sonu Nigam,95
user_0408,Marshmello,6
user_0408,Calvin Harris,28
user_0408,Martin Garrix,8
user_0408,Kygo,15
user_0409,Martin Garrix,46
user_0409,Marshmello,72
user_0409,Kygo,112
user_0409,Alan Walker,30
user_0409,Avicii,51
user_0409,Zedd,24
user_0409,Calvin Harris,118
user_0409,A.R. Rahman,37
user_0409,Sunidhi Chauhan,36
user_0409,Shreya Ghoshal,25
user_0409,Neha Kakkar,28
user_0409,Sonu Nigam,7
user_0410,Eminem,98
user_0410,Travis Scott,105
user_0410,Cardi B,93
user_0410,Nicki Minaj,113
user_0410,Post Malone,92
user_0410,Kendrick Lamar,118
user_0411,David Guetta,75
user_0411,Zedd,34
user_0411,Kygo,56
user_0411,Alan Walker,44
user_0411,Avicii,111
user_0411,Marshmello,49
user_0411,Martin Garrix,56
user_0411,Calvin Harris,53
user_0411,Adele,35
user_0411,Ariana Grande,11
user_0411,Ed Sheeran,23
user_0411,Taylor Swift,26
user_0412,Nicki Minaj,102
user_0412,J. Cole,107
user_0412,Drake,39
user_0412,Post Malone,96
user_0412,Travis Scott,99
user_0412,Kendrick Lamar,20
user_0412,Cardi B,91
user_0413,Katy Perry,77
user_0413,Dua Lipa,25
user_0413,Adele,114
user_0413,Taylor Swift,32
user_0413,Ariana Grande,27
user_0413,Bruno Mars,46
user_0413,Ed Sheeran,97
user_0413,Justin Bieber,111
user_0413,Marshmello,31
user_0413,Zedd,19
user_0413,Martin Garrix,31
user_0413,Kygo,8
user_0413,David Guetta,37
user_0414,Neha Kakkar,73
user_0414,Sonu Nigam,74
user_0414,Sunidhi Chauhan,27
user_0414,Shreya Ghoshal,112
user_0414,Badshah,118
user_0414,Arijit Singh,79
user_0414,Pritam,20
user_0414,David Guetta,5
user_0414,Zedd,23
user_0414,Kygo,5
user_0415,Bruno Mars,80
user_0415,Katy Perry,28
user_0415,Dua Lipa,45
user_0415,Justin Bieber,87
user_0415,Ed Sheeran,81
user_0415,Adele,119
user_0415,Ariana Grande,110
user_0415,Calvin Harris,10
user_0415,Kygo,23
user_0415,Alan Walker,27
user_0416,Bruno Mars,28
user_0416,Ed Sheeran,66
user_0416,Katy Perry,43
user_0416,Adele,29
user_0416,Justin Bieber,117
user_0416,Dua Lipa,119
user_0416,Post Malone,40
user_0416,Drake,40
user_0416,Kendrick Lamar,16
user_0417,Linkin Park,50
user_0417,Maroon 5,61
user_0417,OneRepublic,64
user_0417,Coldplay,37
user_0417,Green Day,107
user_0417,The Killers,21
user_0417,Imagine Dragons,27
user_0417,Ariana Grande,28
user_0417,Katy Perry,33
user_0417,Dua Lipa,12
user_0417,Bruno Mars,27
user_0417,Justin Bieber,15
user_0418,Green Day,101
user_0418,Linkin Park,45
user_0418,The Killers,104
user_0418,Maroon 5,59
user_0418,Coldplay,100
user_0418,Imagine Dragons,108
user_0418,OneRepublic,41
user_0418,Calvin Harris,22
user_0418,Alan Walker,30
user_0418,Zedd,25
user_0418,Kygo,24
user_0418,Marshmello,35
user_0419,Sunidhi Chauhan,101
user_0419,Sonu Nigam,45
user_0419,Badshah,103
user_0419,Pritam,77
user_0419,Neha Kakkar,105
user_0419,Shreya Ghoshal,26
user_0419,Arijit Singh,100
user_0419,A.R. Rahman,47
user_0419,Drake,39
user_0419,Kendrick Lamar,25
user_0419,Post Malone,26
user_0419,Travis Scott,30
user_0420,Calvin Harris,49
user_0420,Alan Walker,85
user_0420,Martin Garrix,97
user_0420,Kygo,60
user_0420,Zedd,84
user_0420,David Guetta,20
user_0421,Badshah,63
user_0421,Arijit Singh,87
user_0421,Sonu Nigam,114
user_0421,Shreya Ghoshal,33
user_0421,A.R. Rahman,119
user_0421,Pritam,62
user_0421,Sunidhi Chauhan,22
user_0421,Neha Kakkar,51
user_0421,Ariana Grande,17
user_0421,Katy Perry,30
user_0421,Justin Bieber,13
user_0421,Ed Sheeran,32
user_0422,Shreya Ghoshal,80
user_0422,A.R. Rahman,41
user_0422,Badshah,76
user_0422,Neha Kakkar,28
user_0422,Sunidhi Chauhan,94
user_0422,Sonu Nigam,22
user_0422,Post Malone,9
user_0422,Travis Scott,10
user_0422,Eminem,40
user_0422,Kendrick Lamar,26
user_0422,J. Cole,17
user_0423,Arijit Singh,69
user_0423,Shreya Ghoshal,73
user_0423,Pritam,66
user_0423,Badshah,22
user_0423,Neha Kakkar,37
user_0423,Sonu Nigam,70
user_0423,Justin Bieber,40
user_0423,Dua Lipa,40
user_0423,Ed Sheeran,38
user_0423,Bruno Mars,26
user_0423,Taylor Swift,16
user_0424,Sunidhi Chauhan,46
user_0424,Sonu Nigam,84
user_0424,Badshah,52
user_0424,Pritam,50
user_0424,A.R. Rahman,36
user_0424,Shreya Ghoshal,76
user_0424,Alan Walker,16
user_0424,Calvin Harris,39
user_0424,Marshmello,27
user_0424,David Guetta,9
user_0425,Sunidhi Chauhan,120
user_0425,Shreya Ghoshal,60
user_0425,Sonu Nigam,81
user_0425,Neha Kakkar,74
user_0425,Badshah,24
user_0425,Arijit Singh,24
user_0425,Pritam,110
user_0425,A.R. Rahman,37
user_0425,Nicki Minaj,29
user_0425,Post Malone,37
user_0425,Travis Scott,30
user_0425,J. Cole,38
user_0425,Cardi B,14
user_0426,Ariana Grande,30
user_0426,Ed Sheeran,94
user_0426,Bruno Mars,22
user_0426,Dua Lipa,43
user_0426,Taylor Swift,52
user_0426,Katy Perry,106
user_0427,Taylor Swift,83
user_0427,Dua Lipa,103
user_0427,Ed Sheeran,68
user_0427,Adele,57
user_0427,Justin Bieber,105
user_0427,Bruno Mars,116
user_0427,Ariana Grande,77
user_0427,Katy Perry,30
user_0427,Coldplay,35
user_0427,Maroon 5,33
user_0427,Foo Fighters,40
user_0427,Linkin Park,26
user_0427,OneRepublic,27
user_0428,Pritam,110
user_0428,Neha Kakkar,91
user_0428,Sonu Nigam,55
user_0428,Badshah,25
user_0428,Arijit Singh,96
user_0428,Shreya Ghoshal,109
user_0428,Sunidhi Chauhan,69
user_0428,Nicki Minaj,39
user_0428,Post Malone,16
user_0428,Eminem,16
user_0429,David Guetta,43
user_0429,Avicii,96
user_0429,Zedd,28
user_0429,Kygo,59
user_0429,Martin Garrix,56
user_0429,Alan Walker,86
user_0429,Calvin Harris,73
user_0429,Ariana Grande,37
user_0429,Ed Sheeran,17
user_0429,Justin Bieber,33
user_0429,Katy Perry,38
user_0429,Taylor Swift,9
user_0430,Foo Fighters,119
user_0430,Linkin Park,84
user_0430,Coldplay,89
user_0430,OneRepublic,23
user_0430,Imagine Dragons,28
user_0430,Green Day,82
user_0430,The Killers,111
user_0430,Neha Kakkar,6
user_0430,A.R. Rahman,7
user_0430,Pritam,34
user_0430,Sunidhi Chauhan,33
user_0430,Arijit Singh,32
user_0431,Taylor Swift,78
user_0431,Katy Perry,37
user_0431,Ed Sheeran,104
user_0431,Adele,107
user_0431,Bruno Mars,22
user_0431,Ariana Grande,118
user_0431,Marshmello,19
user_0431,Martin Garrix,39
user_0431,Alan Walker,38
user_0432,J. Cole,63
user_0432,Drake,56
user_0432,Travis Scott,48
user_0432,Eminem,86
user_0432,Nicki Minaj,76
user_0432,Cardi B,59
user_0432,Post Malone,114
user_0432,Kendrick Lamar,111
user_0432,Badshah,22
user_0432,Sonu Nigam,15
user_0432,Arijit Singh,27
user_0433,Cardi B,52
user_0433,Eminem,33
user_0433,Travis Scott,28
user_0433,Drake,23
user_0433,Nicki Minaj,83
user_0433,Post Malone,35
user_0434,Kygo,68
user_0434,Calvin Harris,93
user_0434,David Guetta,97
user_0434,Martin Garrix,92
user_0434,Alan Walker,110
user_0434,Avicii,56
user_0434,Marshmello,103
user_0434,Ed Sheeran,37
user_0434,Justin Bieber,37
user_0434,Katy Perry,38
user_0435,Badshah,28
user_0435,Sunidhi Chauhan,116
user_0435,Arijit Singh,116
user_0435,Pritam,63
user_0435,Sonu Nigam,63
user_0435,Neha Kakkar,61
user_0435,The Killers,13
user_0435,Foo Fighters,33
user_0435,OneRepublic,20
user_0435,Imagine Dragons,24
user_0436,Zedd,94
user_0436,Avicii,109
user_0436,Martin Garrix,106
user_0436,Kygo,116
user_0436,Alan Walker,110
user_0436,Marshmello,66
user_0436,Foo Fighters,11
user_0436,Linkin Park,16
user_0436,Imagine Dragons,31
user_0436,Green Day,23
user_0437,Foo Fighters,94
user_0437,Imagine Dragons,93
user_0437,OneRepublic,29
user_0437,The Killers,36
user_0437,Coldplay,80
user_0437,Linkin Park,82
user_0437,Green Day,86
user_0438,Neha Kakkar,48
user_0438,A.R. Rahman,90
user_0438,Shreya Ghoshal,70
user_0438,Sonu Nigam,35
user_0438,Badshah,95
user_0438,Arijit Singh,69
user_0439,Adele,108
user_0439,Taylor Swift,20
user_0439,Dua Lipa,63
user_0439,Bruno Mars,63
user_0439,Katy Perry,120
user_0439,Ariana Grande,29
user_0439,Justin Bieber,68
user_0439,Linkin Park,31
user_0439,Maroon 5,10
user_0439,The Killers,30
user_0439,Green Day,6
user_0440,Martin Garrix,62
user_0440,Kygo,30
user_0440,Alan Walker,80
user_0440,Calvin Harris,94
user_0440,Avicii,116
user_0440,Zedd,48
user_0440,David Guetta,74
user_0440,Drake,26
user_0440,Cardi B,37
user_0440,J. Cole,25
user_0440,Travis Scott,39
user_0440,Eminem,17
user_0441,Taylor Swift,66
user_0441,Adele,58
user_0441,Bruno Mars,59
user_0441,Katy Perry,65
user_0441,Ariana Grande,72
user_0441,Justin Bieber,24
user_0441,Ed Sheeran,68
user_0441,Dua Lipa,64
user_0441,The Killers,11
user_0441,OneRepublic,32
user_0441,Linkin Park,18
user_0441,Maroon 5,15
user_0442,Ariana Grande,29
user_0442,Katy Perry,30
user_0442,Adele,21
user_0442,Bruno Mars,110
user_0442,Dua Lipa,87
user_0442,Justin Bieber,95
user_0442,Ed Sheeran,113
user_0442,Taylor Swift,53
user_0442,A.R. Rahman,11
user_0442,Arijit Singh,18
user_0442,Sonu Nigam,20
user_0442,Pritam,40
user_0443,Sunidhi Chauhan,51
user_0443,A.R. Rahman,25
user_0443,Pritam,87
user_0443,Neha Kakkar,90
user_0443,Badshah,68
user_0443,Sonu Nigam,92
user_0443,Shreya Ghoshal,98
user_0444,Badshah,49
user_0444,Arijit Singh,39
user_0444,Pritam,32
user_0444,A.R. Rahman,43
user_0444,Shreya Ghoshal,77
user_0444,Neha Kakkar,98
user_0444,Sonu Nigam,89
user_0444,Kygo,14
user_0444,Marshmello,17
user_0444,Martin Garrix,31
user_0444,Zedd,39
user_0444,Calvin Harris,27
user_0445,Sonu Nigam,68
user_0445,Badshah,75
user_0445,Shreya Ghoshal,111
user_0445,Pritam,50
user_0445,Arijit Singh,67
user_0445,Neha Kakkar,73
user_0445,Sunidhi Chauhan,47
user_0445,Justin Bieber,27
user_0445,Taylor Swift,29
user_0445,Adele,36
user_0445,Ed Sheeran,38
user_0445,Bruno Mars,5
user_0446,The Killers,28
user_0446,OneRepublic,49
user_0446,Linkin Park,119
user_0446,Green Day,109
user_0446,Foo Fighters,114
user_0446,Imagine Dragons,23
user_0446,Coldplay,86
user_0447,David Guetta,74
user_0447,Zedd,111
user_0447,Kygo,86
user_0447,Martin Garrix,22
user_0447,Alan Walker,92
user_0447,Avicii,21
user_0447,Marshmello,102
user_0447,Maroon 5,5
user_0447,OneRepublic,10
user_0447,The Killers,26
user_0447,Foo Fighters,40
user_0447,Coldplay,31
user_0448,David Guetta,115
user_0448,Marshmello,109
user_0448,Zedd,87
user_0448,Calvin Harris,50
user_0448,Alan Walker,72
user_0448,Kygo,91
user_0448,Pritam,25
user_0448,Badshah,20
user_0448,Sunidhi Chauhan,37
user_0448,Arijit Singh,5
user_0449,Drake,61
user_0449,Post Malone,47
user_0449,Kendrick Lamar,60
user_0449,J. Cole,108
user_0449,Cardi B,101
user_0449,Eminem,54
user_0449,Nicki Minaj,49
user_0449,Travis Scott,71
user_0449,Avicii,40
user_0449,Kygo,20
user_0449,Martin Garrix,17
user_0449,Calvin Harris,6
user_0449,Alan Walker,11
user_0450,Drake,56
user_0450,Eminem,31
user_0450,Kendrick Lamar,91
user_0450,Cardi B,20
user_0450,Travis Scott,90
user_0450,Nicki Minaj,70
user_0450,Post Malone,99
user_0450,Pritam,30
user_0450,Sunidhi Chauhan,31
user_0450,Badshah,29
user_0450,Arijit Singh,8
user_0451,Linkin Park,118
user_0451,OneRepublic,24
user_0451,Imagine Dragons,68
user_0451,Coldplay,41
user_0451,The Killers,40
user_0451,Foo Fighters,96
user_0451,Green Day,40
user_0452,Marshmello,67
user_0452,Alan Walker,34
user_0452,David Guetta,81
user_0452,Avicii,65
user_0452,Kygo,100
user_0452,Zedd,97
user_0452,Pritam,38
user_0452,Badshah,26
user_0452,Neha Kakkar,19
user_0452,Sunidhi Chauhan,17
user_0453,Shreya Ghoshal,86
user_0453,Pritam,87
user_0453,Neha Kakkar,76
user_0453,Sunidhi Chauhan,65
user_0453,Sonu Nigam,73
user_0453,Badshah,105
user_0453,Martin Garrix,6
user_0453,Avicii,7
user_0453,Kygo,20
user_0453,Zedd,23
user_0453,David Guetta,19
user_0454,Eminem,78
user_0454,Post Malone,116
user_0454,Travis Scott,36
user_0454,Drake,24
user_0454,Cardi B,73
user_0454,Kendrick Lamar,120
user_0454,Sunidhi Chauhan,28
user_0454,Sonu Nigam,21
user_0454,A.R. Rahman,25
user_0455,Linkin Park,22
user_0455,Imagine Dragons,74
user_0455,OneRepublic,42
user_0455,Green Day,103
user_0455,The Killers,95
user_0455,Foo Fighters,97
user_0455,Coldplay,66
user_0455,Sonu Nigam,39
user_0455,Badshah,19
user_0455,Arijit Singh,37
user_0455,Shreya Ghoshal,9
user_0456,Coldplay,44
user_0456,Green Day,27
user_0456,OneRepublic,103
user_0456,Maroon 5,73
user_0456,Imagine Dragons,60
user_0456,Foo Fighters,75
user_0456,Marshmello,33
user_0456,Calvin Harris,21
user_0456,Kygo,26
user_0457,Nicki Minaj,64
user_0457,Travis Scott,106
user_0457,J. Cole,100
user_0457,Eminem,46
user_0457,Drake,39
user_0457,Post Malone,111
user_0457,Cardi B,79
user_0457,Dua Lipa,17
user_0457,Bruno Mars,31
user_0457,Katy Perry,38
user_0457,Adele,31
user_0457,Taylor Swift,14
user_0458,Zedd,89
user_0458,Marshmello,64
user_0458,David Guetta,25
user_0458,Martin Garrix,44
user_0458,Avicii,29
user_0458,Alan Walker,99
user_0459,Ed Sheeran,27
user_0459,Ariana Grande,97
user_0459,Bruno Mars,40
user_0459,Dua Lipa,49
user_0459,Justin Bieber,62
user_0459,Adele,70
user_0459,Linkin Park,24
user_0459,Green Day,40
user_0459,OneRepublic,13
user_0459,Foo Fighters,18
user_0460,Calvin Harris,109
user_0460,Kygo,108
user_0460,Avicii,24
user_0460,Marshmello,58
user_0460,Alan Walker,29
user_0460,David Guetta,47
user_0460,Drake,29
user_0460,Cardi B,17
user_0460,Travis Scott,15
user_0460,Kendrick Lamar,39
user_0460,Eminem,39
user_0461,Dua Lipa,86
user_0461,Justin Bieber,56
user_0461,Ariana Grande,118
user_0461,Taylor Swift,88
user_0461,Ed Sheeran,66
user_0461,Adele,91
user_0461,Bruno Mars,85
user_0461,Katy Perry,82
user_0461,Sonu Nigam,20
user_0461,Neha Kakkar,10
user_0461,Pritam,19
user_0461,Shreya Ghoshal,33
user_0462,Badshah,54
user_0462,Arijit Singh,45
user_0462,Pritam,46
user_0462,Neha Kakkar,45
user_0462,Sonu Nigam,92
user_0462,A.R. Rahman,54
user_0462,Avicii,5
user_0462,Calvin Harris,14
user_0462,Martin Garrix,9
user_0462,Marshmello,23
user_0462,Alan Walker,38
user_0463,Linkin Park,100
user_0463,OneRepublic,99
user_0463,Coldplay,51
user_0463,The Killers,39
user_0463,Green Day,49
user_0463,Imagine Dragons,44
user_0463,Maroon 5,94
user_0463,Eminem,31
user_0463,J. Cole,21
user_0463,Kendrick Lamar,16
user_0463,Post Malone,5
user_0463,Drake,37
user_0464,Ariana Grande,32
user_0464,Dua Lipa,23
user_0464,Bruno Mars,85
user_0464,Katy Perry,24
user_0464,Taylor Swift,98
user_0464,Justin Bieber,23
user_0464,Ed Sheeran,118
user_0464,Adele,73
user_0464,Nicki Minaj,28
user_0464,Cardi B,17
user_0464,Eminem,33
user_0464,Kendrick Lamar,15
user_0465,Foo Fighters,35
user_0465,OneRepublic,111
user_0465,Coldplay,58
user_0465,Maroon 5,99
user_0465,The Killers,86
user_0465,Linkin Park,66
user_0465,Neha Kakkar,19
user_0465,Sonu Nigam,28
user_0465,Badshah,23
user_0465,Shreya Ghoshal,39
user_0465,A.R. Rahman,17
user_0466,Dua Lipa,63
user_0466,Taylor Swift,108
user_0466,Bruno Mars,112
user_0466,Justin Bieber,110
user_0466,Ed Sheeran,99
user_0466,Katy Perry,119
user_0466,Adele,92
user_0466,Travis Scott,38
user_0466,Nicki Minaj,25
user_0466,Kendrick Lamar,7
user_0466,Drake,35
user_0466,Post Malone,7
user_0467,Ariana Grande,99
user_0467,Adele,27
user_0467,Taylor Swift,100
user_0467,Dua Lipa,37
user_0467,Ed Sheeran,46
user_0467,Katy Perry,82
user_0467,Linkin Park,7
user_0467,The Killers,29
user_0467,Imagine Dragons,12
user_0467,Coldplay,23
user_0467,Foo Fighters,23
user_0468,Arijit Singh,90
user_0468,Badshah,82
user_0468,Pritam,48
user_0468,Sunidhi Chauhan,109
user_0468,Sonu Nigam,23
user_0468,A.R. Rahman,25
user_0469,Kendrick Lamar,110
user_0469,Travis Scott,91
user_0469,Nicki Minaj,69
user_0469,J. Cole,36
user_0469,Drake,34
user_0469,Eminem,102
user_0469,Post Malone,88
user_0469,Cardi B,71
user_0470,Eminem,98
user_0470,Travis Scott,88
user_0470,Drake,110
user_0470,J. Cole,102
user_0470,Cardi B,104
user_0470,Post Malone,71
user_0471,Kendrick Lamar,102
user_0471,Eminem,115
user_0471,Cardi B,86
user_0471,Nicki Minaj,115
user_0471,Post Malone,105
user_0471,Travis Scott,87
user_0471,Drake,68
user_0471,The Killers,17
user_0471,Linkin Park,17
user_0471,Maroon 5,9
user_0472,Neha Kakkar,98
user_0472,Sonu Nigam,22
user_0472,Arijit Singh,90
user_0472,Sunidhi Chauhan,61
user_0472,A.R. Rahman,75
user_0472,Pritam,42
user_0472,Badshah,102
user_0473,Ariana Grande,97
user_0473,Katy Perry,37
user_0473,Justin Bieber,91
user_0473,Adele,50
user_0473,Taylor Swift,53
user_0473,Dua Lipa,78
user_0473,Bruno Mars,83
user_0473,Arijit Singh,13
user_0473,Shreya Ghoshal,33
user_0473,Pritam,22
user_0474,David Guetta,52
user_0474,Calvin Harris,66
user_0474,Kygo,20
user_0474,Alan Walker,91
user_0474,Avicii,107
user_0474,Marshmello,98
user_0474,Martin Garrix,63
user_0474,Nicki Minaj,19
user_0474,Post Malone,26
user_0474,Drake,35
user_0475,Eminem,59
user_0475,Drake,58
user_0475,Post Malone,95
user_0475,Nicki Minaj,116
user_0475,Travis Scott,111
user_0475,Kendrick Lamar,96
user_0475,Cardi B,91
user_0476,Ed Sheeran,74
user_0476,Bruno Mars,83
user_0476,Justin Bieber,96
user_0476,Katy Perry,64
user_0476,Ariana Grande,114
user_0476,Taylor Swift,57
user_0476,Adele,35
user_0476,Shreya Ghoshal,24
user_0476,Badshah,40
user_0476,Arijit Singh,13
user_0476,Sonu Nigam,18
user_0477,Sunidhi Chauhan,82
user_0477,Shreya Ghoshal,51
user_0477,Arijit Singh,27
user_0477,A.R. Rahman,85
user_0477,Badshah,78
user_0477,Neha Kakkar,98
user_0477,Pritam,32
user_0477,Sonu Nigam,74
user_0478,Kendrick Lamar,108
user_0478,Cardi B,120
user_0478,J. Cole,64
user_0478,Eminem,24
user_0478,Drake,21
user_0478,Post Malone,106
user_0478,Shreya Ghoshal,21
user_0478,Badshah,31
user_0478,Pritam,6
user_0478,A.R. Rahman,31
user_0479,Foo Fighters,111
user_0479,Coldplay,115
user_0479,Green Day,36
user_0479,Imagine Dragons,93
user_0479,The Killers,113
user_0479,OneRepublic,32
user_0479,Maroon 5,94
user_0479,Linkin Park,114
user_0479,Alan Walker,25
user_0479,Kygo,38
user_0479,Martin Garrix,30
user_0479,Avicii,36
user_0480,Taylor Swift,111
user_0480,Katy Perry,21
user_0480,Adele,100
user_0480,Bruno Mars,39
user_0480,Dua Lipa,103
user_0480,Justin Bieber,101
user_0480,Ariana Grande,46
user_0480,Ed Sheeran,26
user_0480,Neha Kakkar,10
user_0480,Pritam,15
user_0480,Arijit Singh,15
user_0481,Imagine Dragons,110
user_0481,Linkin Park,29
user_0481,OneRepublic,80
user_0481,Coldplay,71
user_0481,Green Day,42
user_0481,Maroon 5,72
user_0481,Foo Fighters,89
user_0482,Badshah,88
user_0482,Sonu Nigam,59
user_0482,Pritam,77
user_0482,Shreya Ghoshal,75
user_0482,Sunidhi Chauhan,39
user_0482,Neha Kakkar,43
user_0482,Kendrick Lamar,12
user_0482,Post Malone,10
user_0482,Cardi B,19
user_0482,Nicki Minaj,35
user_0483,Nicki Minaj,74
user_0483,Kendrick Lamar,48
user_0483,Drake,59
user_0483,Eminem,104
user_0483,Travis Scott,45
user_0483,Post Malone,117
user_0483,J. Cole,96
user_0483,Cardi B,109
user_0483,Badshah,22
user_0483,Shreya Ghoshal,27
user_0483,Pritam,19
user_0483,Arijit Singh,33
user_0484,Katy Perry,66
user_0484,Taylor Swift,65
user_0484,Ariana Grande,114
user_0484,Dua Lipa,40
user_0484,Justin Bieber,52
user_0484,Bruno Mars,22
user_0484,Ed Sheeran,35
user_0484,Adele,119
user_0484,David Guetta,17
user_0484,Avicii,35
user_0484,Alan Walker,27
user_0484,Kygo,15
user_0485,J. Cole,77
user_0485,Post Malone,32
user_0485,Travis Scott,61
user_0485,Kendrick Lamar,99
user_0485,Nicki Minaj,102
user_0485,Eminem,115
user_0485,Cardi B,51
user_0485,Drake,115
user_0485,Avicii,34
user_0485,Martin Garrix,30
user_0485,Alan Walker,10
user_0486,Bruno Mars,112
user_0486,Ariana Grande,110
user_0486,Dua Lipa,20
user_0486,Katy Perry,31
user_0486,Taylor Swift,119
user_0486,Ed Sheeran,113
user_0486,Shreya Ghoshal,18
user_0486,Arijit Singh,6
user_0486,Sunidhi Chauhan,38
user_0486,Neha Kakkar,17
user_0486,Badshah,11
user_0487,Sonu Nigam,93
user_0487,Pritam,81
user_0487,Badshah,104
user_0487,A.R. Rahman,26
user_0487,Arijit Singh,89
user_0487,Sunidhi Chauhan,96
user_0488,The Killers,113
user_0488,OneRepublic,87
user_0488,Imagine Dragons,78
user_0488,Green Day,117
user_0488,Linkin Park,81
user_0488,Maroon 5,114
user_0488,Coldplay,118
user_0488,Ed Sheeran,37
user_0488,Adele,14
user_0488,Dua Lipa,28
user_0488,Katy Perry,18
user_0488,Ariana Grande,35
user_0489,Neha Kakkar,30
user_0489,Sunidhi Chauhan,84
user_0489,Pritam,36
user_0489,Badshah,34
user_0489,Shreya Ghoshal,60
user_0489,A.R. Rahman,59
user_0489,Sonu Nigam,112
user_0489,Arijit Singh,26
user_0489,OneRepublic,33
user_0489,Green Day,19
user_0489,Linkin Park,36
user_0489,Maroon 5,29
user_0489,Coldplay,6
user_0490,Coldplay,32
user_0490,The Killers,65
user_0490,Linkin Park,89
user_0490,Green Day,62
user_0490,Maroon 5,87
user_0490,OneRepublic,84
user_0490,Imagine Dragons,57
user_0490,Foo Fighters,30
user_0491,Eminem,29
user_0491,Nicki Minaj,107
user_0491,Cardi B,95
user_0491,Kendrick Lamar,50
user_0491,Post Malone,97
user_0491,Drake,63
user_0491,Ariana Grande,12
user_0491,Adele,35
user_0491,Justin Bieber,30
user_0491,Taylor Swift,5
user_0492,A.R. Rahman,48
user_0492,Sunidhi Chauhan,89
user_0492,Arijit Singh,50
user_0492,Neha Kakkar,103
user_0492,Sonu Nigam,57
user_0492,Shreya Ghoshal,31
user_0492,Badshah,29
user_0492,Dua Lipa,24
user_0492,Bruno Mars,34
user_0492,Justin Bieber,12
user_0493,Badshah,93
user_0493,Arijit Singh,101
user_0493,A.R. Rahman,94
user_0493,Pritam,40
user_0493,Sunidhi Chauhan,72
user_0493,Shreya Ghoshal,73
user_0494,Katy Perry,58
user_0494,Taylor Swift,75
user_0494,Bruno Mars,110
user_0494,Adele,119
user_0494,Dua Lipa,107
user_0494,Justin Bieber,32
user_0494,Ariana Grande,50
user_0494,Ed Sheeran,96
user_0494,OneRepublic,12
user_0494,Imagine Dragons,36
user_0494,Maroon 5,19
user_0495,OneRepublic,77
user_0495,Imagine Dragons,46
user_0495,Maroon 5,30
user_0495,Green Day,104
user_0495,The Killers,51
user_0495,Foo Fighters,80
user_0495,Coldplay,37
user_0495,Dua Lipa,20
user_0495,Katy Perry,18
user_0495,Ariana Grande,21
user_0495,Ed Sheeran,7
user_0495,Bruno Mars,30
user_0496,A.R. Rahman,70
user_0496,Arijit Singh,82
user_0496,Neha Kakkar,37
user_0496,Sunidhi Chauhan,88
user_0496,Pritam,79
user_0496,Badshah,72
user_0497,Kendrick Lamar,84
user_0497,J. Cole,84
user_0497,Drake,49
user_0497,Eminem,50
user_0497,Travis Scott,28
user_0497,Cardi B,49
user_0497,Post Malone,103
user_0497,Nicki Minaj,86
user_0498,Drake,34
user_0498,Nicki Minaj,54
user_0498,Eminem,51
user_0498,J. Cole,75
user_0498,Post Malone,73
user_0498,Cardi B,99
user_0498,Arijit Singh,28
user_0498,Badshah,35
user_0498,Shreya Ghoshal,32
user_0498,Sonu Nigam,28
user_0498,A.R. Rahman,33
user_0499,Foo Fighters,61
user_0499,Imagine Dragons,113
user_0499,Linkin Park,107
user_0499,Coldplay,98
user_0499,Maroon 5,22
user_0499,Green Day,32
user_0499,The Killers,63
user_0499,Adele,39
user_0499,Ariana Grande,10
user_0499,Katy Perry,14
user_0500,Nicki Minaj,67
user_0500,Drake,86
user_0500,Eminem,75
user_0500,Travis Scott,86
user_0500,Kendrick Lamar,55
user_0500,Cardi B,105
user_0500,Post Malone,42
user_0500,Avicii,32
user_0500,Marshmello,17
user_0500,David Guetta,16
user_0501,Sunidhi Chauhan,66
user_0501,Sonu Nigam,65
user_0501,Arijit Singh,26
user_0501,A.R. Rahman,48
user_0501,Shreya Ghoshal,101
user_0501,Neha Kakkar,101
user_0501,J. Cole,32
user_0501,Travis Scott,30
user_0501,Nicki Minaj,35
user_0502,A.R. Rahman,110
user_0502,Pritam,81
user_0502,Arijit Singh,83
user_0502,Badshah,73
user_0502,Sonu Nigam,21
user_0502,Sunidhi Chauhan,36
user_0502,Neha Kakkar,34
user_0502,Shreya Ghoshal,112
user_0502,Green Day,10
user_0502,Coldplay,36
user_0502,The Killers,26
user_0503,A.R. Rahman,98
user_0503,Pritam,70
user_0503,Arijit Singh,49
user_0503,Sonu Nigam,116
user_0503,Shreya Ghoshal,77
user_0503,Sunidhi Chauhan,59
user_0503,Neha Kakkar,20
user_0503,Badshah,76
user_0504,The Killers,61
user_0504,Maroon 5,56
user_0504,Green Day,33
user_0504,Coldplay,25
user_0504,Linkin Park,104
user_0504,OneRepublic,23
user_0504,Travis Scott,40
user_0504,Post Malone,38
user_0504,Nicki Minaj,5
user_0504,Kendrick Lamar,31
user_0504,Drake,27
user_0505,Maroon 5,118
user_0505,Green Day,105
user_0505,Linkin Park,54
user_0505,The Killers,73
user_0505,Foo Fighters,70
user_0505,OneRepublic,106
user_0505,Imagine Dragons,95
user_0505,Coldplay,111
user_0505,A.R. Rahman,12
user_0505,Neha Kakkar,33
user_0505,Sunidhi Chauhan,33
user_0505,Pritam,10
user_0505,Shreya Ghoshal,17
user_0506,Avicii,61
user_0506,Kygo,66
user_0506,Zedd,57
user_0506,Marshmello,88
user_0506,David Guetta,110
user_0506,Martin Garrix,112
user_0506,Alan Walker,65
user_0506,Calvin Harris,103
user_0507,Martin Garrix,84
user_0507,Alan Walker,46
user_0507,Zedd,48
user_0507,Calvin Harris,82
user_0507,Avicii,20
user_0507,Kygo,35
user_0507,David Guetta,65
user_0507,Neha Kakkar,26
user_0507,Arijit Singh,18
user_0507,A.R. Rahman,22
user_0508,Taylor Swift,56
user_0508,Katy Perry,66
user_0508,Dua Lipa,42
user_0508,Ed Sheeran,27
user_0508,Ariana Grande,52
user_0508,Justin Bieber,98
user_0508,Travis Scott,6
user_0508,Eminem,12
user_0508,Kendrick Lamar,15
user_0508,Cardi B,17
user_0509,Eminem,38
user_0509,Travis Scott,93
user_0509,Post Malone,91
user_0509,Drake,84
user_0509,Cardi B,106
user_0509,Kendrick Lamar,27
user_0509,Nicki Minaj,82
user_0509,Justin Bieber,11
user_0509,Ed Sheeran,26
user_0509,Dua Lipa,9
user_0509,Ariana Grande,12
user_0509,Adele,28
user_0510,Kygo,72
user_0510,Calvin Harris,58
user_0510,Alan Walker,20
user_0510,Marshmello,113
user_0510,Martin Garrix,84
user_0510,David Guetta,66
user_0510,Zedd,30
user_0510,Avicii,27
user_0510,Badshah,12
user_0510,Neha Kakkar,7
user_0510,Pritam,11
user_0510,Arijit Singh,16
user_0510,Shreya Ghoshal,12
user_0511,Foo Fighters,118
user_0511,The Killers,61
user_0511,OneRepublic,32
user_0511,Maroon 5,41
user_0511,Green Day,54
user_0511,Imagine Dragons,50
user_0511,Linkin Park,41
user_0511,Coldplay,35
user_0511,Justin Bieber,18
user_0511,Adele,15
user_0511,Bruno Mars,38
user_0512,Cardi B,28
user_0512,J. Cole,26
user_0512,Drake,23
user_0512,Eminem,55
user_0512,Kendrick Lamar,81
user_0512,Travis Scott,119
user_0512,Post Malone,65
user_0512,Bruno Mars,29
user_0512,Taylor Swift,29
user_0512,Ed Sheeran,11
user_0512,Justin Bieber,9
user_0513,Maroon 5,23
user_0513,The Killers,29
user_0513,Foo Fighters,103
user_0513,Green Day,99
user_0513,Linkin Park,71
user_0513,OneRepublic,77
user_0513,Imagine Dragons,52
user_0513,David Guetta,10
user_0513,Marshmello,21
user_0513,Martin Garrix,17
user_0514,Shreya Ghoshal,68
user_0514,Arijit Singh,34
user_0514,Pritam,62
user_0514,Sonu Nigam,78
user_0514,Neha Kakkar,32
user_0514,A.R. Rahman,77
user_0514,Justin Bieber,18
user_0514,Dua Lipa,33
user_0514,Ariana Grande,8
user_0515,David Guetta,49
user_0515,Calvin Harris,69
user_0515,Avicii,104
user_0515,Zedd,93
user_0515,Martin Garrix,49
user_0515,Alan Walker,95
user_0515,Marshmello,88
user_0516,Sunidhi Chauhan,68
user_0516,Neha Kakkar,116
user_0516,Pritam,97
user_0516,Sonu Nigam,27
user_0516,A.R. Rahman,47
user_0516,Badshah,96
user_0516,Shreya Ghoshal,74
user_0516,Arijit Singh,96
user_0517,Coldplay,90
user_0517,OneRepublic,98
user_0517,Imagine Dragons,106
user_0517,Linkin Park,20
user_0517,Maroon 5,98
user_0517,The Killers,100
user_0517,Foo Fighters,75
user_0517,Green Day,72
user_0517,Alan Walker,22
user_0517,David Guetta,10
user_0517,Avicii,10
user_0517,Calvin Harris,19
user_0517,Zedd,12
user_0518,Bruno Mars,119
user_0518,Ed Sheeran,30
user_0518,Justin Bieber,77
user_0518,Taylor Swift,82
user_0518,Adele,27
user_0518,Ariana Grande,116
user_0518,Dua Lipa,30
user_0518,Katy Perry,47
user_0518,Post Malone,10
user_0518,Cardi B,33
user_0518,Eminem,15
user_0518,Travis Scott,36
user_0519,Justin Bieber,43
user_0519,Adele,43
user_0519,Ariana Grande,82
user_0519,Bruno Mars,28
user_0519,Dua Lipa,86
user_0519,Taylor Swift,62
user_0520,Coldplay,80
user_0520,Foo Fighters,53
user_0520,The Killers,33
user_0520,Imagine Dragons,50
user_0520,Green Day,61
user_0520,Maroon 5,36
user_0520,OneRepublic,37
user_0520,Linkin Park,116
user_0520,Kendrick Lamar,5
user_0520,Drake,5
user_0520,Nicki Minaj,33
user_0521,Foo Fighters,72
user_0521,The Killers,107
user_0521,Imagine Dragons,75
user_0521,OneRepublic,100
user_0521,Maroon 5,41
user_0521,Green Day,98
user_0521,Coldplay,93
user_0521,Linkin Park,110
user_0521,Bruno Mars,36
user_0521,Justin Bieber,6
user_0521,Katy Perry,30
user_0521,Adele,23
user_0522,Kendrick Lamar,55
user_0522,J. Cole,28
user_0522,Cardi B,77
user_0522,Nicki Minaj,85
user_0522,Travis Scott,48
user_0522,Eminem,93
user_0522,Post Malone,114
user_0522,Adele,37
user_0522,Ed Sheeran,26
user_0522,Dua Lipa,16
user_0523,Avicii,39
user_0523,David Guetta,35
user_0523,Zedd,45
user_0523,Martin Garrix,33
user_0523,Alan Walker,94
user_0523,Kygo,80
user_0523,Taylor Swift,16
user_0523,Justin Bieber,12
user_0523,Adele,25
user_0524,Green Day,60
user_0524,Foo Fighters,70
user_0524,Imagine Dragons,85
user_0524,The Killers,97
user_0524,Coldplay,75
user_0524,Maroon 5,36
user_0524,OneRepublic,108
user_0524,Linkin Park,48
user_0525,Ed Sheeran,48
user_0525,Ariana Grande,114
user_0525,Taylor Swift,100
user_0525,Adele,84
user_0525,Katy Perry,32
user_0525,Dua Lipa,22
user_0525,Justin Bieber,34
user_0525,Pritam,7
user_0525,Shreya Ghoshal,30
user_0525,Sunidhi Chauhan,30
user_0525,Arijit Singh,32
user_0525,Neha Kakkar,12
user_0526,OneRepublic,28
user_0526,Imagine Dragons,39
user_0526,Coldplay,62
user_0526,Linkin Park,111
user_0526,The Killers,37
user_0526,Maroon 5,99
user_0526,J. Cole,35
user_0526,Eminem,18
user_0526,Kendrick Lamar,14
user_0526,Post Malone,23
user_0526,Cardi B,14
user_0527,Martin Garrix,61
user_0527,Marshmello,87
user_0527,Avicii,95
user_0527,Calvin Harris,47
user_0527,David Guetta,20
user_0527,Kygo,27
user_0527,Alan Walker,54
user_0527,Zedd,88
user_0527,Sunidhi Chauhan,30
user_0527,Sonu Nigam,17
user_0527,Badshah,36
user_0528,Avicii,64
user_0528,David Guetta,50
user_0528,Marshmello,114
user_0528,Zedd,86
user_0528,Alan Walker,33
user_0528,Martin Garrix,34
user_0528,Kygo,31
user_0528,Calvin Harris,50
user_0529,Ed Sheeran,70
user_0529,Justin Bieber,68
user_0529,Katy Perry,53
user_0529,Ariana Grande,37
user_0529,Taylor Swift,117
user_0529,Dua Lipa,88
user_0529,Adele,67
user_0529,Bruno Mars,92
user_0529,Linkin Park,14
user_0529,The Killers,30
user_0529,Foo Fighters,22
user_0529,Maroon 5,25
user_0529,Coldplay,28
user_0530,Coldplay,106
user_0530,The Killers,59
user_0530,OneRepublic,117
user_0530,Maroon 5,103
user_0530,Green Day,105
user_0530,Foo Fighters,25
user_0530,Marshmello,30
user_0530,Kygo,15
user_0530,Alan Walker,27
user_0531,Zedd,118
user_0531,Avicii,27
user_0531,Alan Walker,23
user_0531,Calvin Harris,31
user_0531,David Guetta,59
user_0531,Kygo,36
user_0531,Martin Garrix,109
user_0531,Post Malone,38
user_0531,Eminem,9
user_0531,Kendrick Lamar,35
user_0532,Green Day,20
user_0532,Linkin Park,100
user_0532,The Killers,91
user_0532,Imagine Dragons,102
user_0532,OneRepublic,31
user_0532,Coldplay,107
user_0532,Maroon 5,75
user_0532,Calvin Harris,37
user_0532,David Guetta,7
user_0532,Kygo,15
user_0533,Foo Fighters,81
user_0533,OneRepublic,111
user_0533,Coldplay,63
user_0533,Imagine Dragons,69
user_0533,Maroon 5,103
user_0533,Linkin Park,93
user_0533,The Killers,40
user_0533,Green Day,72
user_0534,Ed Sheeran,29
user_0534,Justin Bieber,49
user_0534,Ariana Grande,75
user_0534,Katy Perry,110
user_0534,Taylor Swift,53
user_0534,Dua Lipa,76
user_0534,Bruno Mars,108
user_0534,Adele,56
user_0534,Drake,26
user_0534,Nicki Minaj,5
user_0534,Eminem,16
user_0535,Adele,78
user_0535,Taylor Swift,22
user_0535,Ed Sheeran,112
user_0535,Katy Perry,72
user_0535,Bruno Mars,99
user_0535,Dua Lipa,47
user_0536,Nicki Minaj,38
user_0536,Drake,99
user_0536,Eminem,51
user_0536,Post Malone,39
user_0536,Travis Scott,57
user_0536,J. Cole,80
user_0536,Cardi B,47
user_0536,Imagine Dragons,9
user_0536,Linkin Park,29
user_0536,Green Day,11
user_0536,Coldplay,31
user_0536,Maroon 5,25
user_0537,Ariana Grande,110
user_0537,Ed Sheeran,40
user_0537,Taylor Swift,109
user_0537,Dua Lipa,22
user_0537,Adele,21
user_0537,Bruno Mars,29
user_0537,Katy Perry,75
user_0538,The Killers,28
user_0538,Coldplay,42
user_0538,Linkin Park,103
user_0538,Imagine Dragons,80
user_0538,Maroon 5,102
user_0538,Green Day,66
user_0538,Dua Lipa,22
user_0538,Ed Sheeran,14
user_0538,Justin Bieber,30
user_0538,Adele,25
user_0539,Calvin Harris,70
user_0539,Kygo,99
user_0539,Alan Walker,67
user_0539,Marshmello,26
user_0539,Martin Garrix,63
user_0539,David Guetta,60
user_0539,Avicii,105
user_0539,Zedd,34
user_0539,Dua Lipa,40
user_0539,Adele,17
user_0539,Justin Bieber,10
user_0539,Katy Perry,35
user_0539,Ariana Grande,22
user_0540,Kendrick Lamar,79
user_0540,Post Malone,23
user_0540,Drake,22
user_0540,Nicki Minaj,61
user_0540,Travis Scott,90
user_0540,J. Cole,31
user_0540,Cardi B,70
user_0540,Eminem,101
user_0540,Avicii,24
user_0540,Calvin Harris,6
user_0540,Zedd,40
user_0540,Marshmello,30
user_0540,Kygo,21
user_0541,Imagine Dragons,39
user_0541,Green Day,118
user_0541,Foo Fighters,93
user_0541,The Killers,67
user_0541,Coldplay,24
user_0541,Linkin Park,112
user_0541,Adele,16
user_0541,Ed Sheeran,36
user_0541,Katy Perry,36
user_0542,Ed Sheeran,48
user_0542,Katy Perry,37
user_0542,Dua Lipa,57
user_0542,Justin Bieber,88
user_0542,Adele,62
user_0542,Taylor Swift,22
user_0542,Bruno Mars,46
user_0542,Ariana Grande,36
user_0543,Nicki Minaj,94
user_0543,Post Malone,119
user_0543,Drake,42
user_0543,Cardi B,96
user_0543,J. Cole,32
user_0543,Kendrick Lamar,119
user_0543,Travis Scott,68
user_0543,Eminem,95
user_0543,Imagine Dragons,14
user_0543,Green Day,30
user_0543,Coldplay,22
user_0543,The Killers,12
user_0543,OneRepublic,10
user_0544,OneRepublic,55
user_0544,Coldplay,22
user_0544,Foo Fighters,22
user_0544,Imagine Dragons,98
user_0544,Green Day,105
user_0544,Linkin Park,117
user_0544,Maroon 5,83
user_0544,Kygo,20
user_0544,Martin Garrix,8
user_0544,Calvin Harris,9
user_0545,Katy Perry,53
user_0545,Dua Lipa,20
user_0545,Adele,89
user_0545,Bruno Mars,58
user_0545,Ariana Grande,24
user_0545,Taylor Swift,118
user_0545,Ed Sheeran,103
user_0545,Justin Bieber,111
user_0546,Drake,50
user_0546,Kendrick Lamar,54
user_0546,Eminem,56
user_0546,Travis Scott,42
user_0546,Nicki Minaj,89
user_0546,Cardi B,31
user_0546,Post Malone,99
user_0546,J. Cole,86
user_0546,Shreya Ghoshal,22
user_0546,Badshah,21
user_0546,Arijit Singh,39
user_0546,Sonu Nigam,18
user_0547,Linkin Park,41
user_0547,Coldplay,56
user_0547,OneRepublic,74
user_0547,Maroon 5,40
user_0547,Imagine Dragons,110
user_0547,The Killers,47
user_0547,Green Day,59
user_0547,Pritam,30
user_0547,Sonu Nigam,12
user_0547,Shreya Ghoshal,21
user_0547,Arijit Singh,31
user_0547,Badshah,35
user_0548,Shreya Ghoshal,87
user_0548,Sonu Nigam,106
user_0548,Pritam,38
user_0548,A.R. Rahman,24
user_0548,Sunidhi Chauhan,60
user_0548,Neha Kakkar,51
user_0548,Arijit Singh,119
user_0548,Badshah,113
user_0549,Imagine Dragons,38
user_0549,The Killers,28
user_0549,OneRepublic,114
user_0549,Maroon 5,60
user_0549,Foo Fighters,30
user_0549,Green Day,107
user_0549,Linkin Park,101
user_0549,Coldplay,91
user_0549,Taylor Swift,23
user_0549,Ariana Grande,8
user_0549,Ed Sheeran,15
user_0549,Justin Bieber,33
user_0550,Eminem,54
user_0550,Kendrick Lamar,113
user_0550,J. Cole,84
user_0550,Travis Scott,96
user_0550,Nicki Minaj,42
user_0550,Cardi B,87
user_0550,Post Malone,76
user_0550,Arijit Singh,9
user_0550,A.R. Rahman,8
user_0550,Sunidhi Chauhan,9
user_0550,Shreya Ghoshal,31
user_0550,Badshah,10
user_0551,OneRepublic,108
user_0551,The Killers,80
user_0551,Maroon 5,24
user_0551,Coldplay,83
user_0551,Green Day,64
user_0551,Foo Fighters,24
user_0551,Linkin Park,118
user_0551,David Guetta,5
user_0551,Avicii,25
user_0551,Calvin Harris,28
user_0552,The Killers,20
user_0552,Maroon 5,60
user_0552,Coldplay,50
user_0552,Linkin Park,104
user_0552,Green Day,118
user_0552,OneRepublic,90
user_0552,Dua Lipa,16
user_0552,Justin Bieber,33
user_0552,Ariana Grande,40
user_0552,Ed Sheeran,7
user_0552,Katy Perry,28
user_0553,Arijit Singh,46
user_0553,Neha Kakkar,59
user_0553,Badshah,90
user_0553,Shreya Ghoshal,61
user_0553,A.R. Rahman,102
user_0553,Sonu Nigam,114
user_0553,Sunidhi Chauhan,97
user_0554,Green Day,34
user_0554,Foo Fighters,53
user_0554,Coldplay,33
user_0554,OneRepublic,37
user_0554,Maroon 5,106
user_0554,Imagine Dragons,66
user_0554,The Killers,56
user_0554,Linkin Park,62
user_0554,Neha Kakkar,13
user_0554,Arijit Singh,40
user_0554,Sonu Nigam,5
user_0554,A.R. Rahman,17
user_0554,Pritam,27
user_0555,Pritam,116
user_0555,Shreya Ghoshal,87
user_0555,Arijit Singh,38
user_0555,Badshah,87
user_0555,Sonu Nigam,84
user_0555,Neha Kakkar,86
user_0555,A.R. Rahman,63
user_0555,Sunidhi Chauhan,73
user_0555,Martin Garrix,28
user_0555,Kygo,28
user_0555,David Guetta,17
user_0555,Calvin Harris,30
user_0555,Alan Walker,17
user_0556,Ed Sheeran,73
user_0556,Justin Bieber,63
user_0556,Ariana Grande,118
user_0556,Bruno Mars,26
user_0556,Dua Lipa,25
user_0556,Katy Perry,68
user_0556,Shreya Ghoshal,9
user_0556,Sonu Nigam,13
user_0556,Badshah,20
user_0557,Green Day,111
user_0557,Imagine Dragons,48
user_0557,Coldplay,74
user_0557,OneRepublic,96
user_0557,The Killers,47
user_0557,Maroon 5,72
user_0557,Foo Fighters,75
user_0557,Linkin Park,37
user_0557,Adele,24
user_0557,Justin Bieber,29
user_0557,Dua Lipa,23
user_0557,Bruno Mars,14
user_0557,Katy Perry,13
user_0558,Foo Fighters,40
user_0558,Maroon 5,23
user_0558,Linkin Park,38
user_0558,Green Day,98
user_0558,Imagine Dragons,79
user_0558,Coldplay,58
user_0558,OneRepublic,118
user_0559,Linkin Park,82
user_0559,Maroon 5,113
user_0559,Coldplay,76
user_0559,Green Day,79
user_0559,Foo Fighters,42
user_0559,Imagine Dragons,78
user_0559,Martin Garrix,15
user_0559,Marshmello,40
user_0559,Zedd,30
user_0560,Neha Kakkar,95
user_0560,Pritam,118
user_0560,Shreya Ghoshal,45
user_0560,Arijit Singh,118
user_0560,Badshah,84
user_0560,Sunidhi Chauhan,28
user_0560,A.R. Rahman,71
user_0560,Sonu Nigam,33
user_0561,Drake,81
user_0561,Post Malone,30
user_0561,Travis Scott,97
user_0561,Cardi B,118
user_0561,Kendrick Lamar,61
user_0561,Eminem,41
user_0561,Nicki Minaj,64
user_0561,Calvin Harris,21
user_0561,Alan Walker,25
user_0561,Zedd,29
user_0561,Kygo,11
user_0562,Neha Kakkar,103
user_0562,Sunidhi Chauhan,109
user_0562,Shreya Ghoshal,61
user_0562,Pritam,56
user_0562,Badshah,51
user_0562,Sonu Nigam,50
user_0562,Arijit Singh,112
user_0562,A.R. Rahman,33
user_0563,Cardi B,102
user_0563,Eminem,30
user_0563,Kendrick Lamar,46
user_0563,J. Cole,59
user_0563,Travis Scott,74
user_0563,Drake,20
user_0563,Nicki Minaj,84
user_0564,The Killers,119
user_0564,OneRepublic,108
user_0564,Green Day,116
user_0564,Coldplay,48
user_0564,Imagine Dragons,64
user_0564,Foo Fighters,69
user_0564,Maroon 5,72
user_0564,Ariana Grande,23
user_0564,Ed Sheeran,23
user_0564,Adele,10
user_0565,Kendrick Lamar,37
user_0565,Post Malone,72
user_0565,Nicki Minaj,68
user_0565,Cardi B,88
user_0565,Travis Scott,83
user_0565,J. Cole,88
user_0565,Eminem,41
user_0565,Drake,34
user_0565,Pritam,34
user_0565,Badshah,16
user_0565,Sonu Nigam,7
user_0565,Neha Kakkar,5
user_0566,Alan Walker,35
user_0566,Martin Garrix,88
user_0566,Avicii,65
user_0566,Calvin Harris,32
user_0566,Zedd,81
user_0566,Marshmello,27
user_0566,Kygo,43
user_0566,Nicki Minaj,35
user_0566,Travis Scott,5
user_0566,Cardi B,16
user_0567,Justin Bieber,69
user_0567,Bruno Mars,41
user_0567,Taylor Swift,68
user_0567,Dua Lipa,43
user_0567,Ariana Grande,38
user_0567,Adele,101
user_0567,Ed Sheeran,54
user_0567,Shreya Ghoshal,19
user_0567,Neha Kakkar,34
user_0567,Sunidhi Chauhan,11
user_0567,Arijit Singh,25
user_0568,Drake,63
user_0568,Cardi B,43
user_0568,Post Malone,49
user_0568,Kendrick Lamar,25
user_0568,Eminem,35
user_0568,J. Cole,64
user_0568,Nicki Minaj,34
user_0568,Katy Perry,31
user_0568,Justin Bieber,31
user_0568,Bruno Mars,19
user_0569,Cardi B,99
user_0569,J. Cole,95
user_0569,Travis Scott,117
user_0569,Nicki Minaj,89
user_0569,Post Malone,43
user_0569,Drake,93
user_0569,Kendrick Lamar,52
user_0569,Eminem,53
user_0569,Avicii,11
user_0569,Zedd,10
user_0569,David Guetta,36
user_0569,Calvin Harris,37
user_0569,Kygo,40
user_0570,Bruno Mars,100
user_0570,Katy Perry,50
user_0570,Ariana Grande,36
user_0570,Justin Bieber,70
user_0570,Dua Lipa,88
user_0570,Taylor Swift,22
user_0570,Adele,106
user_0570,Ed Sheeran,64
user_0570,J. Cole,17
user_0570,Eminem,32
user_0570,Cardi B,26
user_0570,Post Malone,14
user_0571,Pritam,42
user_0571,Arijit Singh,117
user_0571,Shreya Ghoshal,70
user_0571,Neha Kakkar,113
user_0571,Sonu Nigam,76
user_0571,Sunidhi Chauhan,73
user_0571,A.R. Rahman,27
user_0571,Badshah,60
user_0571,Adele,25
user_0571,Bruno Mars,14
user_0571,Ariana Grande,6
user_0571,Ed Sheeran,38
user_0572,Drake,65
user_0572,Cardi B,25
user_0572,Travis Scott,38
user_0572,Post Malone,62
user_0572,Eminem,94
user_0572,Kendrick Lamar,88
user_0572,J. Cole,25
user_0572,Nicki Minaj,111
user_0572,A.R. Rahman,26
user_0572,Arijit Singh,9
user_0572,Badshah,12
user_0572,Shreya Ghoshal,40
user_0572,Sonu Nigam,5
user_0573,Coldplay,70
user_0573,Linkin Park,60
user_0573,Maroon 5,27
user_0573,The Killers,106
user_0573,OneRepublic,63
user_0573,Foo Fighters,100
user_0573,Green Day,88
user_0573,Ed Sheeran,8
user_0573,Taylor Swift,5
user_0573,Ariana Grande,7
user_0574,Calvin Harris,81
user_0574,Avicii,94
user_0574,Kygo,114
user_0574,David Guetta,90
user_0574,Alan Walker,50
user_0574,Marshmello,38
user_0574,Martin Garrix,58
user_0574,Zedd,100
user_0574,Cardi B,20
user_0574,Eminem,11
user_0574,Post Malone,17
user_0575,Alan Walker,23
user_0575,Calvin Harris,100
user_0575,Zedd,44
user_0575,Avicii,87
user_0575,Kygo,119
user_0575,Martin Garrix,110
user_0576,Zedd,64
user_0576,David Guetta,118
user_0576,Calvin Harris,95
user_0576,Martin Garrix,25
user_0576,Marshmello,72
user_0576,Avicii,106
user_0576,Dua Lipa,38
user_0576,Ariana Grande,21
user_0576,Adele,7
user_0576,Taylor Swift,24
user_0577,J. Cole,92
user_0577,Kendrick Lamar,56
user_0577,Post Malone,75
user_0577,Drake,66
user_0577,Travis Scott,98
user_0577,Eminem,38
user_0577,Adele,19
user_0577,Justin Bieber,11
user_0577,Bruno Mars,32
user_0578,Neha Kakkar,88
user_0578,Shreya Ghoshal,111
user_0578,Sunidhi Chauhan,82
user_0578,Pritam,43
user_0578,Arijit Singh,104
user_0578,A.R. Rahman,32
user_0578,Sonu Nigam,49
user_0578,Ed Sheeran,38
user_0578,Ariana Grande,7
user_0578,Katy Perry,11
user_0578,Taylor Swift,19
user_0579,Linkin Park,89
user_0579,The Killers,40
user_0579,Coldplay,25
user_0579,Imagine Dragons,23
user_0579,Green Day,64
user_0579,Maroon 5,52
user_0579,Martin Garrix,17
user_0579,Kygo,11
user_0579,David Guetta,12
user_0579,Alan Walker,5
user_0580,Alan Walker,65
user_0580,Martin Garrix,38
user_0580,Calvin Harris,58
user_0580,Marshmello,67
user_0580,Kygo,24
user_0580,Zedd,105
user_0580,J. Cole,39
user_0580,Travis Scott,30
user_0580,Nicki Minaj,5
user_0580,Cardi B,35
user_0580,Drake,19
user_0581,Ed Sheeran,120
user_0581,Katy Perry,84
user_0581,Bruno Mars,72
user_0581,Taylor Swift,41
user_0581,Justin Bieber,77
user_0581,Adele,75
user_0581,Ariana Grande,119
user_0581,Drake,26
user_0581,J. Cole,17
user_0581,Cardi B,32
user_0581,Eminem,10
user_0582,Pritam,35
user_0582,Neha Kakkar,78
user_0582,Arijit Singh,70
user_0582,Shreya Ghoshal,49
user_0582,Badshah,26
user_0582,Sonu Nigam,62
user_0582,Eminem,34
user_0582,Cardi B,6
user_0582,J. Cole,38
user_0582,Drake,34
user_0582,Kendrick Lamar,17
user_0583,Alan Walker,48
user_0583,Marshmello,55
user_0583,Avicii,115
user_0583,Zedd,43
user_0583,Martin Garrix,90
user_0583,Kygo,32
user_0583,Pritam,32
user_0583,Sunidhi Chauhan,32
user_0583,Sonu Nigam,6
user_0583,Shreya Ghoshal,5
user_0584,Drake,74
user_0584,J. Cole,86
user_0584,Eminem,117
user_0584,Kendrick Lamar,100
user_0584,Travis Scott,62
user_0584,Nicki Minaj,89
user_0585,Taylor Swift,75
user_0585,Adele,120
user_0585,Katy Perry,99
user_0585,Ed Sheeran,71
user_0585,Dua Lipa,52
user_0585,Ariana Grande,104
user_0585,Drake,21
user_0585,Travis Scott,15
user_0585,J. Cole,19
user_0585,Nicki Minaj,25
user_0586,Maroon 5,29
user_0586,Imagine Dragons,35
user_0586,Coldplay,118
user_0586,Green Day,93
user_0586,OneRepublic,87
user_0586,Foo Fighters,90
user_0586,Linkin Park,23
user_0587,Pritam,48
user_0587,Neha Kakkar,21
user_0587,Sonu Nigam,47
user_0587,Shreya Ghoshal,93
user_0587,A.R. Rahman,97
user_0587,Badshah,58
user_0587,Arijit Singh,91
user_0588,Kendrick Lamar,44
user_0588,Cardi B,21
user_0588,Nicki Minaj,83
user_0588,Post Malone,40
user_0588,Drake,75
user_0588,Travis Scott,117
user_0589,Katy Perry,32
user_0589,Bruno Mars,53
user_0589,Ariana Grande,44
user_0589,Ed Sheeran,66
user_0589,Adele,98
user_0589,Justin Bieber,65
user_0589,Dua Lipa,76
user_0590,Dua Lipa,87
user_0590,Adele,29
user_0590,Ariana Grande,108
user_0590,Bruno Mars,119
user_0590,Taylor Swift,78
user_0590,Ed Sheeran,54
user_0590,Katy Perry,86
user_0590,Avicii,20
user_0590,Marshmello,15
user_0590,Martin Garrix,29
user_0590,Calvin Harris,5
user_0591,Maroon 5,60
user_0591,Coldplay,49
user_0591,Green Day,69
user_0591,Imagine Dragons,55
user_0591,Foo Fighters,83
user_0591,Linkin Park,57
user_0591,OneRepublic,69
user_0591,The Killers,34
user_0591,Nicki Minaj,22
user_0591,Cardi B,6
user_0591,Drake,30
user_0591,Eminem,12
user_0592,Martin Garrix,75
user_0592,Avicii,52
user_0592,Marshmello,65
user_0592,David Guetta,93
user_0592,Alan Walker,27
user_0592,Zedd,71
user_0592,Calvin Harris,22
user_0592,Ariana Grande,22
user_0592,Adele,14
user_0592,Justin Bieber,24
user_0592,Taylor Swift,31
user_0593,Marshmello,113
user_0593,David Guetta,37
user_0593,Zedd,36
user_0593,Avicii,104
user_0593,Alan Walker,108
user_0593,Martin Garrix,41
user_0593,Linkin Park,37
user_0593,OneRepublic,38
user_0593,Coldplay,27
user_0593,Green Day,30
user_0593,Foo Fighters,23
user_0594,Linkin Park,84
user_0594,Maroon 5,53
user_0594,Foo Fighters,63
user_0594,OneRepublic,117
user_0594,Coldplay,117
user_0594,Imagine Dragons,23
user_0594,Green Day,91
user_0594,Alan Walker,35
user_0594,Kygo,21
user_0594,David Guetta,11
user_0595,David Guetta,102
user_0595,Calvin Harris,65
user_0595,Alan Walker,27
user_0595,Avicii,48
user_0595,Zedd,77
user_0595,Kygo,84
user_0595,Drake,28
user_0595,Cardi B,23
user_0595,Nicki Minaj,25
user_0596,Nicki Minaj,82
user_0596,Cardi B,92
user_0596,Post Malone,58
user_0596,Eminem,72
user_0596,Travis Scott,119
user_0596,Kendrick Lamar,42
user_0596,Drake,85
user_0597,Dua Lipa,86
user_0597,Ariana Grande,87
user_0597,Adele,99
user_0597,Ed Sheeran,30
user_0597,Bruno Mars,37
user_0597,Katy Perry,35
user_0597,Travis Scott,39
user_0597,Nicki Minaj,10
user_0597,Eminem,19
user_0598,Foo Fighters,37
user_0598,Green Day,115
user_0598,OneRepublic,69
user_0598,Maroon 5,106
user_0598,Imagine Dragons,48
user_0598,Linkin Park,56
user_0598,The Killers,54
user_0598,J. Cole,20
user_0598,Travis Scott,28
user_0598,Kendrick Lamar,38
user_0599,Katy Perry,36
user_0599,Bruno Mars,43
user_0599,Ariana Grande,50
user_0599,Justin Bieber,49
user_0599,Taylor Swift,21
user_0599,Adele,31
user_0599,Ed Sheeran,115
user_0599,Linkin Park,35
user_0599,The Killers,16
user_0599,Coldplay,25
user_0599,Green Day,14
user_0600,Linkin Park,89
user_0600,OneRepublic,52
user_0600,Imagine Dragons,109
user_0600,Foo Fighters,33
user_0600,The Killers,87
user_0600,Maroon 5,72
user_0601,Calvin Harris,24
user_0601,Zedd,35
user_0601,Kygo,54
user_0601,Martin Garrix,64
user_0601,Avicii,55
user_0601,Marshmello,29
user_0601,Linkin Park,9
user_0601,Maroon 5,10
user_0601,Foo Fighters,5
user_0602,Arijit Singh,35
user_0602,Shreya Ghoshal,34
user_0602,Sunidhi Chauhan,60
user_0602,Sonu Nigam,70
user_0602,A.R. Rahman,116
user_0602,Badshah,52
user_0602,Pritam,103
user_0602,Cardi B,23
user_0602,Drake,31
user_0602,Nicki Minaj,22
user_0603,Green Day,89
user_0603,Linkin Park,78
user_0603,OneRepublic,119
user_0603,The Killers,55
user_0603,Foo Fighters,54
user_0603,Imagine Dragons,44
user_0603,Maroon 5,74
user_0604,Linkin Park,83
user_0604,OneRepublic,25
user_0604,Green Day,101
user_0604,Imagine Dragons,98
user_0604,Coldplay,85
user_0604,Foo Fighters,110
user_0604,The Killers,97
user_0604,Maroon 5,43
user_0604,Badshah,40
user_0604,Neha Kakkar,14
user_0604,Arijit Singh,7
user_0604,Pritam,17
user_0605,David Guetta,90
user_0605,Alan Walker,72
user_0605,Kygo,20
user_0605,Zedd,46
user_0605,Marshmello,26
user_0605,Calvin Harris,24
user_0606,Avicii,81
user_0606,Calvin Harris,27
user_0606,Martin Garrix,64
user_0606,Zedd,26
user_0606,David Guetta,30
user_0606,Kygo,56
user_0606,Cardi B,34
user_0606,Post Malone,7
user_0606,Drake,11
user_0606,Nicki Minaj,23
user_0606,J. Cole,17
user_0607,Alan Walker,24
user_0607,Martin Garrix,104
user_0607,David Guetta,59
user_0607,Zedd,101
user_0607,Kygo,23
user_0607,Marshmello,83
user_0607,Calvin Harris,113
user_0608,Adele,98
user_0608,Katy Perry,112
user_0608,Bruno Mars,77
user_0608,Ariana Grande,104
user_0608,Ed Sheeran,31
user_0608,Justin Bieber,117
user_0608,Taylor Swift,31
user_0608,Dua Lipa,26
user_0608,Eminem,15
user_0608,Post Malone,23
user_0608,Kendrick Lamar,33
user_0609,Sunidhi Chauhan,33
user_0609,Shreya Ghoshal,35
user_0609,A.R. Rahman,95
user_0609,Pritam,32
user_0609,Sonu Nigam,67
user_0609,Neha Kakkar,63
user_0610,Bruno Mars,39
user_0610,Adele,110
user_0610,Ariana Grande,48
user_0610,Ed Sheeran,70
user_0610,Katy Perry,73
user_0610,Taylor Swift,32
user_0610,Dua Lipa,38
user_0611,OneRepublic,107
user_0611,Green Day,119
user_0611,Imagine Dragons,102
user_0611,Maroon 5,44
user_0611,The Killers,40
user_0611,Coldplay,77
user_0611,Linkin Park,60
user_0611,Alan Walker,12
user_0611,David Guetta,30
user_0611,Avicii,11
user_0611,Kygo,9
user_0612,Adele,54
user_0612,Katy Perry,33
user_0612,Ariana Grande,71
user_0612,Ed Sheeran,60
user_0612,Justin Bieber,118
user_0612,Bruno Mars,37
user_0613,Neha Kakkar,57
user_0613,A.R. Rahman,38
user_0613,Pritam,109
user_0613,Sunidhi Chauhan,96
user_0613,Shreya Ghoshal,59
user_0613,Badshah,25
user_0613,Arijit Singh,105
user_0613,Sonu Nigam,90
user_0613,Bruno Mars,14
user_0613,Katy Perry,30
user_0613,Ariana Grande,21
user_0613,Justin Bieber,32
user_0614,Sunidhi Chauhan,50
user_0614,Sonu Nigam,103
user_0614,Shreya Ghoshal,65
user_0614,A.R. Rahman,46
user_0614,Arijit Singh,57
user_0614,Badshah,69
user_0614,Neha Kakkar,46
user_0614,Pritam,76
user_0614,Green Day,29
user_0614,Maroon 5,37
user_0614,OneRepublic,30
user_0614,Linkin Park,20
user_0615,Eminem,22
user_0615,Drake,70
user_0615,Cardi B,25
user_0615,Travis Scott,119
user_0615,Post Malone,84
user_0615,Kendrick Lamar,43
user_0615,J. Cole,101
user_0615,Ed Sheeran,31
user_0615,Dua Lipa,25
user_0615,Justin Bieber,18
user_0616,OneRepublic,51
user_0616,Foo Fighters,30
user_0616,Maroon 5,84
user_0616,Imagine Dragons,106
user_0616,Linkin Park,80
user_0616,Green Day,91
user_0616,Coldplay,34
user_0616,The Killers,114
user_0616,Ariana Grande,12
user_0616,Bruno Mars,6
user_0616,Dua Lipa,20
user_0616,Justin Bieber,19
user_0616,Katy Perry,26
user_0617,J. Cole,98
user_0617,Kendrick Lamar,69
user_0617,Travis Scott,87
user_0617,Nicki Minaj,120
user_0617,Drake,85
user_0617,Eminem,68
user_0617,Post Malone,46
user_0617,Cardi B,96
user_0617,Sonu Nigam,26
user_0617,Badshah,39
user_0617,Arijit Singh,40
user_0618,Neha Kakkar,82
user_0618,Pritam,64
user_0618,Badshah,69
user_0618,Sonu Nigam,66
user_0618,A.R. Rahman,31
user_0618,Arijit Singh,81
user_0618,Shreya Ghoshal,99
user_0618,Sunidhi Chauhan,62
user_0618,The Killers,22
user_0618,Green Day,32
user_0618,Linkin Park,15
user_0619,Sonu Nigam,50
user_0619,Badshah,82
user_0619,Pritam,115
user_0619,Sunidhi Chauhan,75
user_0619,A.R. Rahman,90
user_0619,Shreya Ghoshal,23
user_0619,Arijit Singh,90
user_0619,Neha Kakkar,105
user_0619,Green Day,37
user_0619,Linkin Park,16
user_0619,Imagine Dragons,33
user_0620,Green Day,83
user_0620,Foo Fighters,114
user_0620,Imagine Dragons,118
user_0620,Linkin Park,91
user_0620,Coldplay,86
user_0620,Maroon 5,33
user_0620,Dua Lipa,29
user_0620,Justin Bieber,14
user_0620,Taylor Swift,33
user_0620,Ed Sheeran,13
user_0620,Bruno Mars,18
user_0621,Pritam,95
user_0621,Badshah,39
user_0621,Shreya Ghoshal,110
user_0621,Neha Kakkar,110
user_0621,Sonu Nigam,38
user_0621,A.R. Rahman,118
user_0621,Linkin Park,7
user_0621,Green Day,15
user_0621,Foo Fighters,40
user_0621,OneRepublic,13
user_0621,Imagine Dragons,27
user_0622,Drake,54
user_0622,Kendrick Lamar,43
user_0622,Post Malone,90
user_0622,Nicki Minaj,101
user_0622,Travis Scott,86
user_0622,J. Cole,80
user_0622,Marshmello,17
user_0622,Alan Walker,26
user_0622,David Guetta,37
user_0622,Martin Garrix,8
user_0622,Zedd,17
user_0623,Justin Bieber,90
user_0623,Adele,26
user_0623,Taylor Swift,54
user_0623,Ariana Grande,86
user_0623,Katy Perry,45
user_0623,Dua Lipa,80
user_0623,Ed Sheeran,65
user_0624,Drake,31
user_0624,Eminem,31
user_0624,J. Cole,89
user_0624,Kendrick Lamar,71
user_0624,Post Malone,33
user_0624,Cardi B,90
user_0624,Travis Scott,115
user_0624,Katy Perry,12
user_0624,Adele,32
user_0624,Bruno Mars,7
user_0624,Ed Sheeran,23
user_0625,A.R. Rahman,26
user_0625,Sunidhi Chauhan,59
user_0625,Arijit Singh,35
user_0625,Neha Kakkar,76
user_0625,Badshah,75
user_0625,Shreya Ghoshal,73
user_0625,Sonu Nigam,88
user_0625,Pritam,113
user_0625,The Killers,7
user_0625,Green Day,38
user_0625,Linkin Park,33
user_0625,Coldplay,10
user_0625,Foo Fighters,35
user_0626,Badshah,103
user_0626,Pritam,114
user_0626,Shreya Ghoshal,52
user_0626,Sonu Nigam,46
user_0626,Arijit Singh,114
user_0626,A.R. Rahman,66
user_0626,Sunidhi Chauhan,77
user_0626,Avicii,32
user_0626,Alan Walker,19
user_0626,Kygo,20
user_0626,David Guetta,6
user_0627,Foo Fighters,81
user_0627,Coldplay,33
user_0627,Linkin Park,118
user_0627,Green Day,84
user_0627,Maroon 5,34
user_0627,Imagine Dragons,116
user_0627,OneRepublic,77
user_0627,The Killers,81
user_0628,Ariana Grande,45
user_0628,Bruno Mars,110
user_0628,Ed Sheeran,42
user_0628,Justin Bieber,93
user_0628,Adele,63
user_0628,Dua Lipa,96
user_0628,Taylor Swift,53
user_0629,Post Malone,39
user_0629,Drake,38
user_0629,Eminem,108
user_0629,Kendrick Lamar,31
user_0629,Travis Scott,34
user_0629,Nicki Minaj,71
user_0629,Cardi B,78
user_0629,J. Cole,24
user_0629,Foo Fighters,37
user_0629,OneRepublic,22
user_0629,Linkin Park,30
user_0630,Neha Kakkar,82
user_0630,Pritam,81
user_0630,Badshah,82
user_0630,Shreya Ghoshal,36
user_0630,Sonu Nigam,117
user_0630,A.R. Rahman,50
user_0630,Sunidhi Chauhan,99
user_0630,Travis Scott,7
user_0630,J. Cole,37
user_0630,Eminem,35
user_0631,A.R. Rahman,70
user_0631,Shreya Ghoshal,71
user_0631,Badshah,102
user_0631,Arijit Singh,52
user_0631,Sunidhi Chauhan,46
user_0631,Neha Kakkar,20
user_0631,Pritam,43
user_0631,Sonu Nigam,71
user_0631,Alan Walker,36
user_0631,David Guetta,14
user_0631,Calvin Harris,36
user_0632,Zedd,41
user_0632,Marshmello,98
user_0632,Kygo,62
user_0632,David Guetta,42
user_0632,Calvin Harris,116
user_0632,Avicii,82
user_0632,Nicki Minaj,12
user_0632,Drake,29
user_0632,Eminem,33
user_0633,Nicki Minaj,29
user_0633,Travis Scott,70
user_0633,Drake,63
user_0633,Post Malone,88
user_0633,Kendrick Lamar,70
user_0633,Eminem,66
user_0634,Eminem,108
user_0634,Travis Scott,79
user_0634,Cardi B,71
user_0634,Drake,23
user_0634,Kendrick Lamar,26
user_0634,Post Malone,91
user_0634,J. Cole,42
user_0634,Nicki Minaj,28
user_0634,David Guetta,5
user_0634,Marshmello,32
user_0634,Avicii,33
user_0634,Calvin Harris,19
user_0635,Imagine Dragons,85
user_0635,OneRepublic,65
user_0635,Maroon 5,88
user_0635,Linkin Park,39
user_0635,Coldplay,103
user_0635,Green Day,107
user_0635,A.R. Rahman,5
user_0635,Sonu Nigam,5
user_0635,Shreya Ghoshal,18
user_0635,Neha Kakkar,25
user_0635,Arijit Singh,5
user_0636,Ariana Grande,52
user_0636,Dua Lipa,98
user_0636,Adele,32
user_0636,Bruno Mars,110
user_0636,Taylor Swift,68
user_0636,Katy Perry,72
user_0636,Ed Sheeran,77
user_0636,Nicki Minaj,30
user_0636,Kendrick Lamar,28
user_0636,Cardi B,18
user_0636,Travis Scott,27
user_0636,Drake,38
user_0637,Cardi B,59
user_0637,J. Cole,36
user_0637,Nicki Minaj,24
user_0637,Travis Scott,51
user_0637,Drake,44
user_0637,Kendrick Lamar,46
user_0637,Eminem,120
user_0637,Post Malone,88
user_0637,Avicii,16
user_0637,Zedd,37
user_0637,Martin Garrix,26
user_0637,Calvin Harris,11
user_0638,Eminem,35
user_0638,Post Malone,100
user_0638,J. Cole,42
user_0638,Nicki Minaj,23
user_0638,Cardi B,65
user_0638,Drake,50
user_0638,Travis Scott,38
user_0638,Kendrick Lamar,62
user_0638,Avicii,22
user_0638,Marshmello,19
user_0638,Kygo,31
user_0639,Imagine Dragons,94
user_0639,Foo Fighters,26
user_0639,Linkin Park,33
user_0639,OneRepublic,27
user_0639,Green Day,23
user_0639,The Killers,104
user_0639,Maroon 5,37
user_0640,Maroon 5,59
user_0640,OneRepublic,107
user_0640,Foo Fighters,25
user_0640,The Killers,30
user_0640,Coldplay,101
user_0640,Imagine Dragons,45
user_0640,Green Day,28
user_0640,Linkin Park,80
user_0640,Arijit Singh,13
user_0640,Badshah,27
user_0640,A.R. Rahman,38
user_0640,Neha Kakkar,28
user_0641,Foo Fighters,32
user_0641,Maroon 5,46
user_0641,The Killers,91
user_0641,OneRepublic,55
user_0641,Coldplay,118
user_0641,Imagine Dragons,116
user_0641,Linkin Park,119
user_0641,Dua Lipa,16
user_0641,Adele,23
user_0641,Ariana Grande,38
user_0641,Ed Sheeran,27
user_0642,Drake,54
user_0642,Cardi B,30
user_0642,J. Cole,91
user_0642,Eminem,107
user_0642,Kendrick Lamar,32
user_0642,Post Malone,115
user_0642,Nicki Minaj,93
user_0643,Neha Kakkar,100
user_0643,Shreya Ghoshal,64
user_0643,Arijit Singh,71
user_0643,A.R. Rahman,43
user_0643,Sonu Nigam,65
user_0643,Sunidhi Chauhan,44
user_0643,Badshah,62
user_0643,Foo Fighters,29
user_0643,Linkin Park,9
user_0643,Imagine Dragons,22
user_0643,Maroon 5,24
user_0643,The Killers,19
user_0644,Badshah,98
user_0644,Pritam,118
user_0644,Neha Kakkar,75
user_0644,Sonu Nigam,65
user_0644,Sunidhi Chauhan,110
user_0644,Arijit Singh,34
user_0644,Shreya Ghoshal,83
user_0644,A.R. Rahman,102
user_0644,Kygo,33
user_0644,Alan Walker,38
user_0644,Avicii,8
user_0644,Marshmello,13
user_0644,Martin Garrix,35
user_0645,Travis Scott,93
user_0645,Cardi B,49
user_0645,Kendrick Lamar,22
user_0645,Drake,44
user_0645,Eminem,94
user_0645,J. Cole,107
user_0645,Nicki Minaj,28
user_0645,Post Malone,66
user_0645,Martin Garrix,10
user_0645,David Guetta,24
user_0645,Calvin Harris,16
user_0645,Kygo,29
user_0645,Alan Walker,19
user_0646,Coldplay,91
user_0646,Foo Fighters,60
user_0646,OneRepublic,80
user_0646,Linkin Park,53
user_0646,The Killers,86
user_0646,Green Day,116
user_0646,Imagine Dragons,85
user_0647,Justin Bieber,67
user_0647,Katy Perry,57
user_0647,Adele,97
user_0647,Dua Lipa,49
user_0647,Ariana Grande,82
user_0647,Bruno Mars,38
user_0647,Ed Sheeran,58
user_0647,Taylor Swift,76
user_0648,Foo Fighters,118
user_0648,The Killers,99
user_0648,Maroon 5,83
user_0648,Imagine Dragons,82
user_0648,Linkin Park,114
user_0648,OneRepublic,58
user_0648,Coldplay,36
user_0648,Green Day,112
user_0648,Drake,27
user_0648,Nicki Minaj,34
user_0648,Cardi B,22
user_0648,J. Cole,21
user_0648,Kendrick Lamar,14
user_0649,Foo Fighters,29
user_0649,OneRepublic,115
user_0649,Linkin Park,81
user_0649,Green Day,76
user_0649,Imagine Dragons,38
user_0649,Maroon 5,69
user_0650,Green Day,71
user_0650,Coldplay,77
user_0650,Maroon 5,115
user_0650,Foo Fighters,103
user_0650,Linkin Park,80
user_0650,The Killers,60
user_0650,Pritam,20
user_0650,Sunidhi Chauhan,26
user_0650,Badshah,20
user_0651,The Killers,34
user_0651,OneRepublic,57
user_0651,Foo Fighters,91
user_0651,Linkin Park,110
user_0651,Imagine Dragons,42
user_0651,Green Day,53
user_0651,Maroon 5,31
user_0651,Coldplay,64
user_0651,Post Malone,24
user_0651,Cardi B,11
user_0651,Travis Scott,19
user_0651,J. Cole,35
user_0652,Bruno Mars,42
user_0652,Katy Perry,117
user_0652,Justin Bieber,100
user_0652,Taylor Swift,94
user_0652,Dua Lipa,53
user_0652,Ariana Grande,32
user_0652,Ed Sheeran,63
user_0652,Adele,101
user_0652,Marshmello,29
user_0652,Martin Garrix,33
user_0652,Zedd,15
user_0652,David Guetta,30
user_0653,Nicki Minaj,61
user_0653,Cardi B,114
user_0653,Kendrick Lamar,88
user_0653,Post Malone,117
user_0653,J. Cole,100
user_0653,Drake,97
user_0653,Marshmello,18
user_0653,Kygo,20
user_0653,Zedd,14
user_0653,Avicii,27
user_0653,Martin Garrix,40
user_0654,Cardi B,117
user_0654,Travis Scott,49
user_0654,Nicki Minaj,53
user_0654,Kendrick Lamar,23
user_0654,Drake,94
user_0654,Eminem,27
user_0654,Post Malone,48
user_0654,Pritam,9
user_0654,Shreya Ghoshal,7
user_0654,Neha Kakkar,18
user_0654,Sunidhi Chauhan,13
user_0654,Sonu Nigam,36
user_0655,Imagine Dragons,61
user_0655,OneRepublic,46
user_0655,Coldplay,78
user_0655,Foo Fighters,31
user_0655,Green Day,43
user_0655,Linkin Park,76
user_0655,Maroon 5,48
user_0655,Ed Sheeran,18
user_0655,Katy Perry,32
user_0655,Bruno Mars,39
user_0655,Justin Bieber,19
user_0656,Bruno Mars,22
user_0656,Adele,43
user_0656,Ariana Grande,88
user_0656,Dua Lipa,96
user_0656,Katy Perry,39
user_0656,Ed Sheeran,86
user_0656,Marshmello,40
user_0656,David Guetta,11
user_0656,Calvin Harris,31
user_0657,Neha Kakkar,24
user_0657,Shreya Ghoshal,113
user_0657,Badshah,102
user_0657,Sunidhi Chauhan,49
user_0657,Sonu Nigam,25
user_0657,Pritam,90
user_0657,A.R. Rahman,87
user_0657,Travis Scott,27
user_0657,Nicki Minaj,37
user_0657,J. Cole,36
user_0657,Eminem,12
user_0658,Bruno Mars,88
user_0658,Justin Bieber,30
user_0658,Adele,95
user_0658,Taylor Swift,62
user_0658,Dua Lipa,48
user_0658,Ariana Grande,85
user_0658,Sunidhi Chauhan,29
user_0658,Arijit Singh,27
user_0658,A.R. Rahman,37
user_0659,Justin Bieber,28
user_0659,Adele,117
user_0659,Ariana Grande,99
user_0659,Katy Perry,114
user_0659,Dua Lipa,44
user_0659,Taylor Swift,49
user_0659,Bruno Mars,48
user_0659,OneRepublic,22
user_0659,Imagine Dragons,7
user_0659,The Killers,11
user_0659,Green Day,32
user_0659,Foo Fighters,16
user_0660,Katy Perry,24
user_0660,Dua Lipa,43
user_0660,Ed Sheeran,31
user_0660,Adele,71
user_0660,Justin Bieber,89
user_0660,Taylor Swift,85
user_0660,Green Day,6
user_0660,The Killers,35
user_0660,Linkin Park,37
user_0661,Coldplay,104
user_0661,The Killers,79
user_0661,Foo Fighters,103
user_0661,OneRepublic,20
user_0661,Linkin Park,23
user_0661,Imagine Dragons,109
user_0661,Maroon 5,34
user_0661,Green Day,93
user_0662,Alan Walker,62
user_0662,Kygo,103
user_0662,Martin Garrix,90
user_0662,Avicii,41
user_0662,David Guetta,113
user_0662,Zedd,105
user_0662,A.R. Rahman,13
user_0662,Pritam,38
user_0662,Shreya Ghoshal,17
user_0662,Arijit Singh,23
user_0662,Neha Kakkar,24
user_0663,The Killers,25
user_0663,Green Day,21
user_0663,Coldplay,45
user_0663,Foo Fighters,37
user_0663,Maroon 5,69
user_0663,Linkin Park,36
user_0663,Imagine Dragons,44
user_0663,Justin Bieber,17
user_0663,Taylor Swift,9
user_0663,Adele,20
user_0664,Adele,93
user_0664,Katy Perry,51
user_0664,Justin Bieber,56
user_0664,Ariana Grande,28
user_0664,Bruno Mars,51
user_0664,Ed Sheeran,35
user_0664,Foo Fighters,28
user_0664,OneRepublic,35
user_0664,Imagine Dragons,7
user_0664,Maroon 5,32
user_0664,The Killers,22
user_0665,Katy Perry,26
user_0665,Ed Sheeran,51
user_0665,Ariana Grande,120
user_0665,Adele,76
user_0665,Justin Bieber,25
user_0665,Taylor Swift,118
user_0665,Cardi B,31
user_0665,J. Cole,31
user_0665,Travis Scott,28
user_0666,Bruno Mars,114
user_0666,Taylor Swift,43
user_0666,Dua Lipa,106
user_0666,Adele,69
user_0666,Katy Perry,72
user_0666,Justin Bieber,45
user_0666,A.R. Rahman,22
user_0666,Sonu Nigam,33
user_0666,Arijit Singh,6
user_0666,Shreya Ghoshal,32
user_0667,Linkin Park,26
user_0667,Imagine Dragons,56
user_0667,OneRepublic,33
user_0667,Coldplay,106
user_0667,Foo Fighters,76
user_0667,Maroon 5,85
user_0667,The Killers,89
user_0667,Green Day,42
user_0667,Dua Lipa,6
user_0667,Justin Bieber,12
user_0667,Ed Sheeran,17
user_0668,Adele,70
user_0668,Justin Bieber,88
user_0668,Bruno Mars,27
user_0668,Ed Sheeran,90
user_0668,Taylor Swift,107
user_0668,Ariana Grande,97
user_0668,Dua Lipa,48
user_0668,Katy Perry,55
user_0669,Eminem,105
user_0669,Post Malone,120
user_0669,Cardi B,93
user_0669,Nicki Minaj,90
user_0669,Kendrick Lamar,108
user_0669,Travis Scott,118
user_0669,Drake,94
user_0669,J. Cole,49
user_0669,Kygo,14
user_0669,Calvin Harris,25
user_0669,David Guetta,22
user_0669,Zedd,14
user_0670,Drake,114
user_0670,Nicki Minaj,42
user_0670,Cardi B,33
user_0670,Eminem,55
user_0670,Kendrick Lamar,20
user_0670,Travis Scott,21
user_0670,J. Cole,38
user_0670,Post Malone,89
user_0670,Avicii,10
user_0670,Martin Garrix,11
user_0670,David Guetta,17
user_0670,Kygo,8
user_0671,Martin Garrix,36
user_0671,Marshmello,30
user_0671,Calvin Harris,77
user_0671,Alan Walker,23
user_0671,David Guetta,31
user_0671,Kygo,44
user_0671,Zedd,73
user_0671,Shreya Ghoshal,14
user_0671,Neha Kakkar,30
user_0671,Badshah,34
user_0671,A.R. Rahman,23
user_0671,Arijit Singh,7
user_0672,Alan Walker,62
user_0672,Zedd,34
user_0672,Kygo,24
user_0672,Avicii,66
user_0672,David Guetta,94
user_0672,Marshmello,35
user_0672,Shreya Ghoshal,36
user_0672,Sunidhi Chauhan,9
user_0672,Sonu Nigam,16
user_0672,Arijit Singh,21
user_0672,Pritam,27
user_0673,David Guetta,47
user_0673,Marshmello,116
user_0673,Avicii,105
user_0673,Martin Garrix,26
user_0673,Calvin Harris,102
user_0673,Zedd,26
user_0673,Alan Walker,32
user_0673,Kygo,110
user_0673,Justin Bieber,21
user_0673,Dua Lipa,17
user_0673,Taylor Swift,24
user_0673,Ed Sheeran,16
user_0674,Coldplay,90
user_0674,The Killers,102
user_0674,Foo Fighters,63
user_0674,Green Day,102
user_0674,Imagine Dragons,107
user_0674,Linkin Park,72
user_0674,Maroon 5,88
user_0674,OneRepublic,111
user_0674,Eminem,32
user_0674,Kendrick Lamar,10
user_0674,J. Cole,15
user_0674,Cardi B,11
user_0675,Kendrick Lamar,27
user_0675,Travis Scott,25
user_0675,Cardi B,102
user_0675,Nicki Minaj,38
user_0675,J. Cole,76
user_0675,Drake,29
user_0675,Post Malone,115
user_0675,Avicii,8
user_0675,David Guetta,24
user_0675,Martin Garrix,28
user_0675,Kygo,38
user_0675,Calvin Harris,9
user_0676,J. Cole,33
user_0676,Cardi B,37
user_0676,Nicki Minaj,23
user_0676,Post Malone,69
user_0676,Drake,92
user_0676,Kendrick Lamar,35
user_0676,Avicii,35
user_0676,Alan Walker,16
user_0676,Calvin Harris,16
user_0676,Martin Garrix,7
user_0677,Coldplay,66
user_0677,Foo Fighters,74
user_0677,Linkin Park,54
user_0677,Maroon 5,104
user_0677,The Killers,83
user_0677,Imagine Dragons,116
user_0677,OneRepublic,98
user_0677,Kygo,5
user_0677,Marshmello,8
user_0677,David Guetta,22
user_0677,Zedd,29
user_0677,Alan Walker,20
user_0678,J. Cole,96
user_0678,Cardi B,51
user_0678,Kendrick Lamar,60
user_0678,Drake,89
user_0678,Eminem,54
user_0678,Nicki Minaj,101
user_0678,Post Malone,23
user_0678,The Killers,35
user_0678,Coldplay,29
user_0678,Maroon 5,33
user_0679,Kygo,120
user_0679,Zedd,107
user_0679,Marshmello,67
user_0679,Avicii,43
user_0679,Calvin Harris,21
user_0679,Alan Walker,94
user_0679,David Guetta,109
user_0679,Martin Garrix,30
user_0679,Justin Bieber,14
user_0679,Ariana Grande,24
user_0679,Dua Lipa,21
user_0679,Taylor Swift,19
user_0679,Adele,32
user_0680,Sonu Nigam,106
user_0680,Neha Kakkar,80
user_0680,Arijit Singh,50
user_0680,Sunidhi Chauhan,103
user_0680,Pritam,47
user_0680,Badshah,50
user_0680,A.R. Rahman,120
user_0680,Shreya Ghoshal,113
user_0680,Post Malone,20
user_0680,Kendrick Lamar,19
user_0680,Travis Scott,13
user_0681,Pritam,27
user_0681,Shreya Ghoshal,43
user_0681,A.R. Rahman,93
user_0681,Badshah,112
user_0681,Sunidhi Chauhan,97
user_0681,Sonu Nigam,73
user_0681,Arijit Singh,80
user_0681,Marshmello,8
user_0681,Alan Walker,14
user_0681,Kygo,13
user_0682,Sunidhi Chauhan,105
user_0682,Neha Kakkar,84
user_0682,Badshah,56
user_0682,A.R. Rahman,99
user_0682,Arijit Singh,90
user_0682,Sonu Nigam,100
user_0682,Pritam,79
user_0682,Linkin Park,35
user_0682,OneRepublic,20
user_0682,Imagine Dragons,25
user_0683,Kendrick Lamar,79
user_0683,Nicki Minaj,50
user_0683,Post Malone,105
user_0683,Drake,103
user_0683,J. Cole,74
user_0683,Travis Scott,31
user_0683,Arijit Singh,10
user_0683,Sunidhi Chauhan,20
user_0683,Neha Kakkar,31
user_0683,Sonu Nigam,26
user_0684,Linkin Park,23
user_0684,Foo Fighters,87
user_0684,Maroon 5,75
user_0684,Imagine Dragons,76
user_0684,OneRepublic,46
user_0684,Coldplay,69
user_0684,Green Day,117
user_0684,The Killers,97
user_0684,Post Malone,12
user_0684,Nicki Minaj,40
user_0684,Cardi B,9
user_0684,Drake,34
user_0685,The Killers,68
user_0685,Coldplay,95
user_0685,Linkin Park,92
user_0685,OneRepublic,97
user_0685,Imagine Dragons,29
user_0685,Foo Fighters,36
user_0685,Maroon 5,105
user_0685,Green Day,119
user_0685,Taylor Swift,33
user_0685,Justin Bieber,8
user_0685,Bruno Mars,18
user_0685,Ed Sheeran,5
user_0685,Ariana Grande,28
user_0686,Taylor Swift,52
user_0686,Justin Bieber,34
user_0686,Katy Perry,109
user_0686,Ed Sheeran,48
user_0686,Ariana Grande,79
user_0686,Adele,44
user_0687,Arijit Singh,52
user_0687,Shreya Ghoshal,57
user_0687,Sunidhi Chauhan,87
user_0687,Sonu Nigam,80
user_0687,A.R. Rahman,88
user_0687,Badshah,23
user_0687,Neha Kakkar,71
user_0687,Martin Garrix,32
user_0687,Marshmello,18
user_0687,Calvin Harris,30
user_0688,The Killers,57
user_0688,Green Day,78
user_0688,Linkin Park,60
user_0688,Maroon 5,55
user_0688,Coldplay,54
user_0688,Foo Fighters,54
user_0688,Imagine Dragons,60
user_0688,OneRepublic,104
user_0688,Calvin Harris,26
user_0688,Alan Walker,36
user_0688,David Guetta,17
user_0688,Zedd,23
user_0689,Calvin Harris,96
user_0689,David Guetta,86
user_0689,Zedd,101
user_0689,Kygo,90
user_0689,Martin Garrix,84
user_0689,Alan Walker,109
user_0689,Marshmello,52
user_0689,A.R. Rahman,22
user_0689,Sonu Nigam,5
user_0689,Badshah,23
user_0689,Arijit Singh,12
user_0690,The Killers,107
user_0690,Coldplay,107
user_0690,OneRepublic,117
user_0690,Green Day,32
user_0690,Imagine Dragons,105
user_0690,Maroon 5,54
user_0690,Nicki Minaj,6
user_0690,Drake,31
user_0690,Travis Scott,11
user_0690,Post Malone,12
user_0691,Martin Garrix,102
user_0691,Marshmello,120
user_0691,Kygo,59
user_0691,Alan Walker,83
user_0691,Avicii,98
user_0691,Zedd,99
user_0691,OneRepublic,26
user_0691,Green Day,7
user_0691,Coldplay,17
user_0692,Arijit Singh,51
user_0692,Shreya Ghoshal,66
user_0692,Pritam,92
user_0692,Neha Kakkar,37
user_0692,Sunidhi Chauhan,78
user_0692,Badshah,73
user_0692,A.R. Rahman,119
user_0692,Sonu Nigam,25
user_0692,Ed Sheeran,29
user_0692,Bruno Mars,21
user_0692,Katy Perry,40
user_0692,Dua Lipa,29
user_0693,Sunidhi Chauhan,20
user_0693,Sonu Nigam,103
user_0693,A.R. Rahman,31
user_0693,Pritam,101
user_0693,Shreya Ghoshal,109
user_0693,Arijit Singh,56
user_0693,Neha Kakkar,39
user_0693,Badshah,92
user_0693,Maroon 5,37
user_0693,Linkin Park,40
user_0693,Green Day,15
user_0693,Foo Fighters,10
user_0694,Taylor Swift,96
user_0694,Adele,87
user_0694,Ed Sheeran,57
user_0694,Bruno Mars,116
user_0694,Justin Bieber,50
user_0694,Ariana Grande,54
user_0694,Katy Perry,48
user_0694,Maroon 5,23
user_0694,Linkin Park,7
user_0694,OneRepublic,20
user_0694,Imagine Dragons,26
user_0694,Coldplay,5
user_0695,Kygo,22
user_0695,David Guetta,109
user_0695,Marshmello,20
user_0695,Alan Walker,90
user_0695,Zedd,54
user_0695,Martin Garrix,92
user_0695,Avicii,56
user_0695,Calvin Harris,22
user_0695,Post Malone,20
user_0695,J. Cole,27
user_0695,Travis Scott,17
user_0696,Ed Sheeran,116
user_0696,Adele,85
user_0696,Taylor Swift,105
user_0696,Justin Bieber,37
user_0696,Ariana Grande,25
user_0696,Dua Lipa,87
user_0696,Imagine Dragons,32
user_0696,Linkin Park,36
user_0696,Coldplay,19
user_0696,Maroon 5,34
user_0697,Martin Garrix,117
user_0697,Alan Walker,106
user_0697,Avicii,67
user_0697,Kygo,109
user_0697,Zedd,114
user_0697,David Guetta,30
user_0697,Calvin Harris,120
user_0697,Marshmello,20
user_0697,Shreya Ghoshal,39
user_0697,Neha Kakkar,21
user_0697,Badshah,7
user_0698,Zedd,87
user_0698,Marshmello,38
user_0698,David Guetta,114
user_0698,Calvin Harris,44
user_0698,Avicii,83
user_0698,Kygo,29
user_0698,Eminem,14
user_0698,Nicki Minaj,26
user_0698,Post Malone,36
user_0699,Drake,74
user_0699,Eminem,61
user_0699,J. Cole,65
user_0699,Travis Scott,72
user_0699,Post Malone,68
user_0699,Kendrick Lamar,103
user_0699,Cardi B,97
user_0699,Coldplay,14
user_0699,The Killers,12
user_0699,Maroon 5,18
user_0700,Marshmello,119
user_0700,Zedd,120
user_0700,Alan Walker,21
user_0700,Kygo,104
user_0700,Martin Garrix,110
user_0700,Calvin Harris,101
user_0700,Avicii,95
user_0700,David Guetta,56
user_0700,Nicki Minaj,6
user_0700,Post Malone,13
user_0700,Travis Scott,26
user_0700,Drake,24
user_0701,David Guetta,66
user_0701,Zedd,79
user_0701,Avicii,101
user_0701,Martin Garrix,103
user_0701,Kygo,63
user_0701,Marshmello,79
user_0701,Alan Walker,78
user_0701,Eminem,14
user_0701,Nicki Minaj,22
user_0701,Drake,9
user_0701,J. Cole,10
user_0701,Travis Scott,17
user_0702,Shreya Ghoshal,71
user_0702,Neha Kakkar,30
user_0702,Arijit Singh,90
user_0702,Pritam,62
user_0702,Badshah,54
user_0702,A.R. Rahman,66
user_0702,Sunidhi Chauhan,50
user_0702,Imagine Dragons,5
user_0702,Linkin Park,26
user_0702,OneRepublic,16
user_0702,Foo Fighters,37
user_0703,Taylor Swift,78
user_0703,Ed Sheeran,64
user_0703,Justin Bieber,85
user_0703,Dua Lipa,94
user_0703,Adele,119
user_0703,Ariana Grande,90
user_0703,Bruno Mars,116
user_0703,Katy Perry,93
user_0704,Drake,99
user_0704,J. Cole,48
user_0704,Travis Scott,80
user_0704,Kendrick Lamar,79
user_0704,Cardi B,34
user_0704,Nicki Minaj,67
user_0705,David Guetta,57
user_0705,Alan Walker,44
user_0705,Avicii,61
user_0705,Calvin Harris,44
user_0705,Marshmello,50
user_0705,Martin Garrix,38
user_0705,Kygo,58
user_0705,Kendrick Lamar,20
user_0705,Travis Scott,17
user_0705,J. Cole,7
user_0705,Cardi B,20
user_0706,Post Malone,24
user_0706,J. Cole,69
user_0706,Travis Scott,60
user_0706,Nicki Minaj,37
user_0706,Eminem,22
user_0706,Kendrick Lamar,96
user_0706,A.R. Rahman,15
user_0706,Arijit Singh,36
user_0706,Badshah,23
user_0707,Ariana Grande,44
user_0707,Katy Perry,38
user_0707,Ed Sheeran,27
user_0707,Adele,119
user_0707,Bruno Mars,67
user_0707,Dua Lipa,99
user_0708,Maroon 5,39
user_0708,Green Day,83
user_0708,Coldplay,114
user_0708,Linkin Park,112
user_0708,The Killers,87
user_0708,Foo Fighters,101
user_0708,Imagine Dragons,113
user_0708,OneRepublic,88
user_0709,Coldplay,72
user_0709,Green Day,82
user_0709,OneRepublic,55
user_0709,Imagine Dragons,109
user_0709,Linkin Park,27
user_0709,The Killers,47
user_0709,Maroon 5,120
user_0709,Foo Fighters,68
user_0709,Dua Lipa,29
user_0709,Katy Perry,39
user_0709,Ed Sheeran,14
user_0709,Taylor Swift,6
user_0710,Alan Walker,119
user_0710,Kygo,47
user_0710,Calvin Harris,55
user_0710,David Guetta,65
user_0710,Avicii,80
user_0710,Martin Garrix,52
user_0710,Marshmello,100
user_0710,Zedd,22
user_0710,Neha Kakkar,23
user_0710,Badshah,26
user_0710,Sunidhi Chauhan,12
user_0710,Shreya Ghoshal,19
user_0711,Alan Walker,117
user_0711,Martin Garrix,78
user_0711,Kygo,54
user_0711,Calvin Harris,27
user_0711,Marshmello,89
user_0711,Zedd,101
user_0711,David Guetta,75
user_0711,Nicki Minaj,26
user_0711,Eminem,24
user_0711,Travis Scott,25
user_0711,Post Malone,30
user_0712,Linkin Park,111
user_0712,The Killers,117
user_0712,Coldplay,59
user_0712,Imagine Dragons,69
user_0712,OneRepublic,71
user_0712,Green Day,25
user_0712,Foo Fighters,31
user_0712,Avicii,29
user_0712,Calvin Harris,39
user_0712,Alan Walker,6
user_0712,Marshmello,8
user_0713,J. Cole,63
user_0713,Kendrick Lamar,47
user_0713,Nicki Minaj,119
user_0713,Eminem,38
user_0713,Travis Scott,32
user_0713,Cardi B,71
user_0713,Drake,59
user_0714,Imagine Dragons,91
user_0714,Maroon 5,82
user_0714,Linkin Park,32
user_0714,Foo Fighters,70
user_0714,Green Day,100
user_0714,OneRepublic,44
user_0714,Coldplay,81
user_0714,The Killers,49
user_0714,Neha Kakkar,9
user_0714,A.R. Rahman,36
user_0714,Sonu Nigam,21
user_0715,Zedd,30
user_0715,Kygo,48
user_0715,Avicii,50
user_0715,Marshmello,20
user_0715,Calvin Harris,21
user_0715,Martin Garrix,99
user_0715,David Guetta,65
user_0715,Alan Walker,40
user_0715,Pritam,9
user_0715,Shreya Ghoshal,18
user_0715,Sunidhi Chauhan,16
user_0716,Calvin Harris,102
user_0716,Marshmello,119
user_0716,Zedd,50
user_0716,Kygo,34
user_0716,Martin Garrix,87
user_0716,David Guetta,107
user_0716,Alan Walker,28
user_0716,Avicii,84
user_0716,Kendrick Lamar,12
user_0716,Travis Scott,36
user_0716,Drake,11
user_0717,Shreya Ghoshal,35
user_0717,Arijit Singh,115
user_0717,Pritam,59
user_0717,Sonu Nigam,78
user_0717,Sunidhi Chauhan,25
user_0717,Badshah,30
user_0717,A.R. Rahman,61
user_0717,Neha Kakkar,92
user_0717,Calvin Harris,10
user_0717,Marshmello,34
user_0717,Kygo,21
user_0718,A.R. Rahman,21
user_0718,Arijit Singh,83
user_0718,Sunidhi Chauhan,113
user_0718,Badshah,37
user_0718,Pritam,100
user_0718,Shreya Ghoshal,92
user_0718,Sonu Nigam,43
user_0718,Adele,16
user_0718,Dua Lipa,27
user_0718,Justin Bieber,11
user_0719,Neha Kakkar,53
user_0719,Shreya Ghoshal,75
user_0719,Sonu Nigam,58
user_0719,Arijit Singh,43
user_0719,Sunidhi Chauhan,50
user_0719,Pritam,30
user_0719,A.R. Rahman,101
user_0719,Badshah,86
user_0719,Kendrick Lamar,10
user_0719,Drake,10
user_0719,Nicki Minaj,14
user_0719,Travis Scott,9
user_0720,Sonu Nigam,45
user_0720,Pritam,77
user_0720,Sunidhi Chauhan,74
user_0720,Neha Kakkar,83
user_0720,Arijit Singh,96
user_0720,Badshah,76
user_0720,A.R. Rahman,106
user_0721,Linkin Park,34
user_0721,Foo Fighters,92
user_0721,The Killers,100
user_0721,Green Day,65
user_0721,Maroon 5,25
user_0721,Coldplay,26
user_0721,Imagine Dragons,88
user_0722,Pritam,72
user_0722,Arijit Singh,34
user_0722,Neha Kakkar,91
user_0722,A.R. Rahman,26
user_0722,Sonu Nigam,92
user_0722,Sunidhi Chauhan,80
user_0722,Badshah,26
user_0722,Adele,26
user_0722,Ed Sheeran,11
user_0722,Ariana Grande,29
user_0722,Justin Bieber,7
user_0722,Dua Lipa,16
user_0723,Drake,71
user_0723,Post Malone,104
user_0723,Cardi B,103
user_0723,J. Cole,47
user_0723,Travis Scott,106
user_0723,Kendrick Lamar,55
user_0723,Nicki Minaj,76
user_0723,Eminem,52
user_0723,Neha Kakkar,36
user_0723,Sonu Nigam,32
user_0723,Pritam,39
user_0723,A.R. Rahman,5
user_0724,Imagine Dragons,62
user_0724,Coldplay,81
user_0724,Green Day,67
user_0724,Linkin Park,83
user_0724,OneRepublic,66
user_0724,The Killers,59
user_0724,Travis Scott,6
user_0724,Nicki Minaj,6
user_0724,Drake,10
user_0725,Marshmello,64
user_0725,David Guetta,73
user_0725,Zedd,109
user_0725,Calvin Harris,86
user_0725,Alan Walker,102
user_0725,Kygo,24
user_0725,Avicii,106
user_0725,Martin Garrix,116
user_0726,Pritam,54
user_0726,A.R. Rahman,57
user_0726,Arijit Singh,90
user_0726,Sonu Nigam,28
user_0726,Sunidhi Chauhan,92
user_0726,Shreya Ghoshal,75
user_0726,OneRepublic,38
user_0726,The Killers,6
user_0726,Maroon 5,19
user_0727,Imagine Dragons,120
user_0727,Foo Fighters,52
user_0727,Coldplay,21
user_0727,The Killers,104
user_0727,Linkin Park,114
user_0727,OneRepublic,86
user_0727,Maroon 5,84
user_0728,Foo Fighters,67
user_0728,Coldplay,82
user_0728,Green Day,106
user_0728,OneRepublic,71
user_0728,Linkin Park,66
user_0728,Imagine Dragons,58
user_0728,Maroon 5,61
user_0728,The Killers,21
user_0728,Justin Bieber,31
user_0728,Katy Perry,25
user_0728,Ariana Grande,28
user_0728,Ed Sheeran,14
user_0728,Adele,15
user_0729,Kygo,30
user_0729,Zedd,82
user_0729,David Guetta,106
user_0729,Calvin Harris,65
user_0729,Martin Garrix,107
user_0729,Alan Walker,115
user_0729,Marshmello,75
user_0730,Ariana Grande,104
user_0730,Dua Lipa,70
user_0730,Bruno Mars,37
user_0730,Ed Sheeran,66
user_0730,Adele,98
user_0730,Katy Perry,82
user_0730,Taylor Swift,59
user_0730,Imagine Dragons,12
user_0730,Coldplay,6
user_0730,Linkin Park,16
user_0730,Foo Fighters,24
user_0731,Bruno Mars,74
user_0731,Adele,70
user_0731,Dua Lipa,43
user_0731,Justin Bieber,46
user_0731,Ed Sheeran,110
user_0731,Ariana Grande,96
user_0731,Shreya Ghoshal,7
user_0731,Badshah,24
user_0731,Neha Kakkar,36
user_0732,OneRepublic,56
user_0732,Coldplay,38
user_0732,Linkin Park,45
user_0732,Maroon 5,79
user_0732,Green Day,94
user_0732,Imagine Dragons,95
user_0732,Foo Fighters,72
user_0732,The Killers,96
user_0732,Arijit Singh,11
user_0732,Sonu Nigam,18
user_0732,Shreya Ghoshal,5
user_0733,The Killers,90
user_0733,Linkin Park,114
user_0733,Foo Fighters,108
user_0733,OneRepublic,93
user_0733,Maroon 5,74
user_0733,Green Day,73
user_0733,Coldplay,117
user_0733,David Guetta,39
user_0733,Martin Garrix,6
user_0733,Kygo,27
user_0733,Marshmello,38
user_0734,Post Malone,31
user_0734,Drake,21
user_0734,Travis Scott,118
user_0734,J. Cole,43
user_0734,Eminem,97
user_0734,Kendrick Lamar,22
user_0734,Cardi B,110
user_0735,David Guetta,118
user_0735,Calvin Harris,92
user_0735,Marshmello,27
user_0735,Alan Walker,70
user_0735,Avicii,115
user_0735,Zedd,29
user_0735,Nicki Minaj,20
user_0735,Post Malone,33
user_0735,J. Cole,13
user_0735,Kendrick Lamar,9
user_0736,Arijit Singh,89
user_0736,Pritam,62
user_0736,Sunidhi Chauhan,91
user_0736,Sonu Nigam,91
user_0736,Shreya Ghoshal,73
user_0736,A.R. Rahman,114
user_0736,Neha Kakkar,108
user_0736,Badshah,36
user_0736,Imagine Dragons,32
user_0736,The Killers,17
user_0736,Linkin Park,36
user_0737,Ariana Grande,94
user_0737,Adele,74
user_0737,Katy Perry,41
user_0737,Bruno Mars,91
user_0737,Justin Bieber,41
user_0737,Ed Sheeran,99
user_0737,Taylor Swift,23
user_0737,Dua Lipa,79
user_0737,Pritam,22
user_0737,Neha Kakkar,35
user_0737,Shreya Ghoshal,39
user_0737,Badshah,28
user_0738,J. Cole,108
user_0738,Nicki Minaj,105
user_0738,Travis Scott,41
user_0738,Post Malone,69
user_0738,Kendrick Lamar,20
user_0738,Cardi B,118
user_0738,Green Day,40
user_0738,Foo Fighters,13
user_0738,Coldplay,25
user_0738,Linkin Park,12
user_0738,OneRepublic,37
user_0739,Kygo,52
user_0739,Avicii,106
user_0739,Martin Garrix,44
user_0739,Zedd,88
user_0739,David Guetta,115
user_0739,Marshmello,20
user_0739,Calvin Harris,113
user_0739,Linkin Park,39
user_0739,Foo Fighters,23
user_0739,OneRepublic,10
user_0740,OneRepublic,20
user_0740,Maroon 5,35
user_0740,Green Day,27
user_0740,Coldplay,92
user_0740,Foo Fighters,64
user_0740,The Killers,21
user_0740,Linkin Park,94
user_0740,Alan Walker,24
user_0740,Zedd,39
user_0740,Calvin Harris,13
user_0740,Avicii,15
user_0740,Marshmello,9
user_0741,Badshah,53
user_0741,Neha Kakkar,63
user_0741,Shreya Ghoshal,62
user_0741,Pritam,96
user_0741,A.R. Rahman,65
user_0741,Sunidhi Chauhan,105
user_0741,Ed Sheeran,21
user_0741,Taylor Swift,38
user_0741,Ariana Grande,38
user_0741,Bruno Mars,19
user_0741,Adele,38
user_0742,Taylor Swift,37
user_0742,Justin Bieber,114
user_0742,Ed Sheeran,86
user_0742,Ariana Grande,55
user_0742,Bruno Mars,73
user_0742,Dua Lipa,39
user_0742,Calvin Harris,37
user_0742,Martin Garrix,39
user_0742,Kygo,27
user_0742,Alan Walker,8
user_0743,The Killers,38
user_0743,Linkin Park,29
user_0743,Green Day,80
user_0743,OneRepublic,50
user_0743,Foo Fighters,95
user_0743,Coldplay,60
user_0743,Imagine Dragons,84
user_0743,Maroon 5,29
user_0743,Pritam,36
user_0743,Sunidhi Chauhan,16
user_0743,Neha Kakkar,33
user_0743,A.R. Rahman,33
user_0744,Coldplay,112
user_0744,OneRepublic,34
user_0744,Maroon 5,112
user_0744,The Killers,99
user_0744,Imagine Dragons,35
user_0744,Green Day,20
user_0744,Foo Fighters,40
user_0744,Linkin Park,113
user_0744,David Guetta,38
user_0744,Avicii,12
user_0744,Marshmello,39
user_0744,Alan Walker,9
user_0745,Marshmello,98
user_0745,David Guetta,98
user_0745,Martin Garrix,60
user_0745,Zedd,97
user_0745,Kygo,53
user_0745,Alan Walker,78
user_0745,Avicii,50
user_0745,Calvin Harris,114
user_0745,A.R. Rahman,17
user_0745,Shreya Ghoshal,28
user_0745,Sunidhi Chauhan,31
user_0745,Neha Kakkar,33
user_0746,Travis Scott,77
user_0746,J. Cole,78
user_0746,Drake,72
user_0746,Eminem,75
user_0746,Kendrick Lamar,52
user_0746,Post Malone,81
user_0746,Cardi B,48
user_0746,Nicki Minaj,69
user_0747,Shreya Ghoshal,55
user_0747,Pritam,87
user_0747,Neha Kakkar,31
user_0747,Sunidhi Chauhan,47
user_0747,Sonu Nigam,20
user_0747,Arijit Singh,67
user_0747,A.R. Rahman,37
user_0747,Ed Sheeran,28
user_0747,Ariana Grande,25
user_0747,Dua Lipa,9
user_0747,Adele,30
user_0748,Dua Lipa,47
user_0748,Taylor Swift,71
user_0748,Katy Perry,113
user_0748,Justin Bieber,54
user_0748,Ariana Grande,34
user_0748,Ed Sheeran,50
user_0748,Marshmello,34
user_0748,Avicii,13
user_0748,Alan Walker,23
user_0749,Shreya Ghoshal,49
user_0749,Sunidhi Chauhan,33
user_0749,Neha Kakkar,34
user_0749,Sonu Nigam,95
user_0749,A.R. Rahman,84
user_0749,Pritam,41
user_0749,Badshah,50
user_0749,Arijit Singh,113
user_0750,Arijit Singh,113
user_0750,Shreya Ghoshal,74
user_0750,Sonu Nigam,26
user_0750,Sunidhi Chauhan,74
user_0750,A.R. Rahman,66
user_0750,Pritam,92
user_0750,Kygo,38
user_0750,Marshmello,17
user_0750,Martin Garrix,13
user_0750,Alan Walker,14
user_0751,Ariana Grande,94
user_0751,Bruno Mars,51
user_0751,Katy Perry,60
user_0751,Taylor Swift,80
user_0751,Adele,43
user_0751,Justin Bieber,102
user_0751,Dua Lipa,49
user_0751,Marshmello,9
user_0751,Kygo,19
user_0751,David Guetta,36
user_0752,Justin Bieber,98
user_0752,Adele,112
user_0752,Ariana Grande,120
user_0752,Katy Perry,86
user_0752,Ed Sheeran,51
user_0752,Bruno Mars,34
user_0752,Taylor Swift,115
user_0752,Calvin Harris,35
user_0752,Alan Walker,34
user_0752,Zedd,7
user_0752,Martin Garrix,30
user_0752,David Guetta,35
user_0753,Kendrick Lamar,113
user_0753,J. Cole,29
user_0753,Cardi B,100
user_0753,Nicki Minaj,32
user_0753,Eminem,43
user_0753,Post Malone,110
user_0753,Drake,50
user_0753,Avicii,30
user_0753,Calvin Harris,36
user_0753,David Guetta,21
user_0753,Zedd,25
user_0754,Dua Lipa,43
user_0754,Justin Bieber,90
user_0754,Bruno Mars,45
user_0754,Ariana Grande,22
user_0754,Ed Sheeran,46
user_0754,Taylor Swift,67
user_0754,Kendrick Lamar,32
user_0754,Cardi B,23
user_0754,Eminem,8
user_0755,Coldplay,23
user_0755,Foo Fighters,47
user_0755,Imagine Dragons,44
user_0755,The Killers,86
user_0755,Green Day,96
user_0755,Linkin Park,34
user_0755,OneRepublic,39
user_0755,Maroon 5,70
user_0755,Post Malone,6
user_0755,Drake,22
user_0755,Nicki Minaj,25
user_0756,Foo Fighters,113
user_0756,OneRepublic,42
user_0756,Green Day,112
user_0756,Coldplay,73
user_0756,The Killers,115
user_0756,Linkin Park,103
user_0756,Maroon 5,49
user_0756,Katy Perry,18
user_0756,Taylor Swift,37
user_0756,Dua Lipa,39
user_0756,Adele,32
user_0757,J. Cole,104
user_0757,Post Malone,64
user_0757,Drake,108
user_0757,Kendrick Lamar,116
user_0757,Cardi B,36
user_0757,Travis Scott,56
user_0757,Eminem,95
user_0757,Nicki Minaj,72
user_0757,Justin Bieber,20
user_0757,Dua Lipa,38
user_0757,Katy Perry,28
user_0757,Taylor Swift,15
user_0757,Ed Sheeran,31
user_0758,Sonu Nigam,67
user_0758,Pritam,74
user_0758,Neha Kakkar,71
user_0758,A.R. Rahman,63
user_0758,Arijit Singh,64
user_0758,Badshah,100
user_0758,David Guetta,13
user_0758,Alan Walker,39
user_0758,Calvin Harris,38
user_0758,Zedd,14
user_0759,Marshmello,104
user_0759,Kygo,44
user_0759,Alan Walker,39
user_0759,David Guetta,36
user_0759,Calvin Harris,32
user_0759,Martin Garrix,81
user_0760,Ariana Grande,22
user_0760,Bruno Mars,119
user_0760,Ed Sheeran,98
user_0760,Dua Lipa,60
user_0760,Katy Perry,56
user_0760,Taylor Swift,59
user_0761,Maroon 5,66
user_0761,Linkin Park,107
user_0761,Foo Fighters,81
user_0761,The Killers,112
user_0761,OneRepublic,26
user_0761,Coldplay,105
user_0761,Sunidhi Chauhan,30
user_0761,Sonu Nigam,22
user_0761,Pritam,34
user_0762,Adele,99
user_0762,Justin Bieber,61
user_0762,Katy Perry,55
user_0762,Taylor Swift,22
user_0762,Bruno Mars,44
user_0762,Ariana Grande,21
user_0763,Marshmello,51
user_0763,Alan Walker,71
user_0763,David Guetta,40
user_0763,Kygo,48
user_0763,Avicii,119
user_0763,Zedd,49
user_0763,Martin Garrix,111
user_0763,Nicki Minaj,37
user_0763,Post Malone,15
user_0763,Eminem,23
user_0764,David Guetta,26
user_0764,Zedd,118
user_0764,Alan Walker,27
user_0764,Calvin Harris,81
user_0764,Marshmello,80
user_0764,Avicii,71
user_0764,Kygo,75
user_0764,Martin Garrix,60
user_0764,Sunidhi Chauhan,20
user_0764,A.R. Rahman,32
user_0764,Pritam,34
user_0764,Badshah,17
user_0764,Arijit Singh,14
user_0765,Kygo,98
user_0765,Alan Walker,72
user_0765,Avicii,41
user_0765,Marshmello,46
user_0765,Calvin Harris,64
user_0765,Martin Garrix,105
user_0765,The Killers,37
user_0765,OneRepublic,34
user_0765,Imagine Dragons,15
user_0766,Ariana Grande,99
user_0766,Katy Perry,37
user_0766,Bruno Mars,97
user_0766,Justin Bieber,109
user_0766,Adele,69
user_0766,Ed Sheeran,86
user_0766,Avicii,30
user_0766,Alan Walker,7
user_0766,Marshmello,16
user_0767,OneRepublic,36
user_0767,The Killers,35
user_0767,Green Day,31
user_0767,Linkin Park,101
user_0767,Coldplay,73
user_0767,Maroon 5,41
user_0767,David Guetta,11
user_0767,Zedd,27
user_0767,Martin Garrix,31
user_0767,Kygo,12
user_0767,Avicii,31
user_0768,Pritam,104
user_0768,Badshah,87
user_0768,Shreya Ghoshal,74
user_0768,Arijit Singh,43
user_0768,Sonu Nigam,58
user_0768,Sunidhi Chauhan,22
user_0768,A.R. Rahman,91
user_0768,Neha Kakkar,112
user_0768,Calvin Harris,27
user_0768,Kygo,19
user_0768,Alan Walker,34
user_0768,Zedd,21
user_0768,David Guetta,39
user_0769,Martin Garrix,40
user_0769,Marshmello,35
user_0769,Alan Walker,110
user_0769,Zedd,95
user_0769,Avicii,64
user_0769,Calvin Harris,104
user_0769,David Guetta,81
user_0769,Kygo,80
user_0769,Bruno Mars,19
user_0769,Katy Perry,5
user_0769,Justin Bieber,15
user_0769,Taylor Swift,17
user_0769,Dua Lipa,30
user_0770,Ed Sheeran,118
user_0770,Adele,71
user_0770,Bruno Mars,67
user_0770,Dua Lipa,50
user_0770,Taylor Swift,30
user_0770,Justin Bieber,108
user_0770,Ariana Grande,92
user_0770,Katy Perry,60
user_0771,Nicki Minaj,23
user_0771,Kendrick Lamar,58
user_0771,J. Cole,80
user_0771,Travis Scott,48
user_0771,Eminem,70
user_0771,Cardi B,44
user_0771,Drake,100
user_0771,Bruno Mars,24
user_0771,Taylor Swift,39
user_0771,Ed Sheeran,39
user_0771,Katy Perry,17
user_0771,Dua Lipa,5
user_0772,Bruno Mars,94
user_0772,Katy Perry,75
user_0772,Ed Sheeran,115
user_0772,Ariana Grande,44
user_0772,Dua Lipa,42
user_0772,Taylor Swift,21
user_0773,Justin Bieber,83
user_0773,Dua Lipa,26
user_0773,Ed Sheeran,69
user_0773,Adele,39
user_0773,Katy Perry,93
user_0773,Bruno Mars,65
user_0773,Ariana Grande,56
user_0773,Calvin Harris,32
user_0773,Alan Walker,23
user_0773,David Guetta,19
user_0773,Zedd,21
user_0773,Avicii,24
user_0774,Dua Lipa,61
user_0774,Taylor Swift,20
user_0774,Katy Perry,92
user_0774,Ariana Grande,34
user_0774,Ed Sheeran,56
user_0774,Bruno Mars,70
user_0775,Alan Walker,71
user_0775,David Guetta,30
user_0775,Zedd,69
user_0775,Kygo,104
user_0775,Martin Garrix,79
user_0775,Marshmello,74
user_0775,Calvin Harris,32
user_0775,Post Malone,34
user_0775,J. Cole,38
user_0775,Drake,40
user_0775,Travis Scott,12
user_0775,Kendrick Lamar,35
user_0776,Avicii,31
user_0776,Kygo,79
user_0776,David Guetta,113
user_0776,Zedd,24
user_0776,Alan Walker,31
user_0776,Marshmello,57
user_0776,Martin Garrix,41
user_0776,Calvin Harris,32
user_0777,Coldplay,65
user_0777,Maroon 5,117
user_0777,Green Day,36
user_0777,OneRepublic,35
user_0777,Foo Fighters,90
user_0777,Imagine Dragons,71
user_0777,Adele,34
user_0777,Ed Sheeran,21
user_0777,Dua Lipa,19
user_0777,Bruno Mars,21
user_0777,Katy Perry,20
user_0778,A.R. Rahman,94
user_0778,Neha Kakkar,38
user_0778,Sonu Nigam,72
user_0778,Shreya Ghoshal,50
user_0778,Sunidhi Chauhan,28
user_0778,Badshah,67
user_0778,Arijit Singh,90
user_0778,Pritam,43
user_0779,Dua Lipa,55
user_0779,Ariana Grande,45
user_0779,Bruno Mars,43
user_0779,Katy Perry,119
user_0779,Ed Sheeran,116
user_0779,Taylor Swift,85
user_0780,Badshah,81
user_0780,Pritam,27
user_0780,Sonu Nigam,93
user_0780,Arijit Singh,96
user_0780,Sunidhi Chauhan,100
user_0780,A.R. Rahman,48
user_0781,Avicii,21
user_0781,Marshmello,51
user_0781,Calvin Harris,61
user_0781,Alan Walker,118
user_0781,Martin Garrix,103
user_0781,David Guetta,34
user_0781,Ed Sheeran,5
user_0781,Dua Lipa,24
user_0781,Katy Perry,30
user_0781,Ariana Grande,37
user_0781,Bruno Mars,7
user_0782,Calvin Harris,81
user_0782,Marshmello,81
user_0782,Kygo,72
user_0782,Avicii,86
user_0782,David Guetta,76
user_0782,Martin Garrix,108
user_0782,Zedd,87
user_0782,Alan Walker,58
user_0782,J. Cole,11
user_0782,Eminem,8
user_0782,Kendrick Lamar,31
user_0782,Nicki Minaj,32
user_0783,Neha Kakkar,43
user_0783,Sunidhi Chauhan,58
user_0783,A.R. Rahman,31
user_0783,Pritam,83
user_0783,Arijit Singh,33
user_0783,Sonu Nigam,53
user_0783,Shreya Ghoshal,51
user_0783,Badshah,117
user_0783,J. Cole,24
user_0783,Nicki Minaj,10
user_0783,Travis Scott,13
user_0783,Cardi B,32
user_0783,Drake,25
user_0784,Dua Lipa,87
user_0784,Ariana Grande,110
user_0784,Taylor Swift,36
user_0784,Justin Bieber,56
user_0784,Katy Perry,83
user_0784,Adele,36
user_0784,Bruno Mars,106
user_0784,Green Day,40
user_0784,OneRepublic,33
user_0784,Coldplay,30
user_0784,Linkin Park,15
user_0784,The Killers,26
user_0785,Avicii,53
user_0785,Marshmello,76
user_0785,Alan Walker,49
user_0785,Kygo,51
user_0785,Zedd,22
user_0785,David Guetta,20
user_0785,Calvin Harris,65
user_0785,Cardi B,12
user_0785,Post Malone,39
user_0785,Nicki Minaj,39
user_0786,Badshah,63
user_0786,Sunidhi Chauhan,54
user_0786,Sonu Nigam,43
user_0786,Neha Kakkar,102
user_0786,Arijit Singh,71
user_0786,Pritam,65
user_0786,Shreya Ghoshal,86
user_0786,A.R. Rahman,101
user_0787,Calvin Harris,52
user_0787,Alan Walker,95
user_0787,David Guetta,77
user_0787,Avicii,70
user_0787,Zedd,88
user_0787,Martin Garrix,68
user_0787,Kygo,21
user_0787,Marshmello,80
user_0787,Dua Lipa,32
user_0787,Adele,27
user_0787,Ariana Grande,6
user_0788,Ariana Grande,111
user_0788,Katy Perry,62
user_0788,Adele,45
user_0788,Dua Lipa,119
user_0788,Justin Bieber,26
user_0788,Taylor Swift,100
user_0788,Sunidhi Chauhan,40
user_0788,Badshah,9
user_0788,Pritam,37
user_0788,A.R. Rahman,36
user_0788,Shreya Ghoshal,5
user_0789,Calvin Harris,112
user_0789,Alan Walker,105
user_0789,David Guetta,83
user_0789,Zedd,103
user_0789,Kygo,50
user_0789,Marshmello,99
user_0789,Travis Scott,33
user_0789,Drake,11
user_0789,Nicki Minaj,25
user_0789,Cardi B,17
user_0789,J. Cole,12
user_0790,OneRepublic,117
user_0790,Maroon 5,73
user_0790,Coldplay,58
user_0790,Linkin Park,104
user_0790,Imagine Dragons,44
user_0790,Foo Fighters,110
user_0790,Sunidhi Chauhan,36
user_0790,Sonu Nigam,23
user_0790,Pritam,29
user_0791,Ariana Grande,46
user_0791,Taylor Swift,55
user_0791,Dua Lipa,65
user_0791,Katy Perry,83
user_0791,Bruno Mars,42
user_0791,Ed Sheeran,91
user_0791,Justin Bieber,22
user_0791,Adele,53
user_0791,Alan Walker,31
user_0791,Kygo,33
user_0791,Zedd,11
user_0791,Martin Garrix,36
user_0792,Badshah,20
user_0792,Sonu Nigam,42
user_0792,Pritam,38
user_0792,Sunidhi Chauhan,67
user_0792,Arijit Singh,30
user_0792,A.R. Rahman,56
user_0792,Neha Kakkar,32
user_0792,Shreya Ghoshal,88
user_0792,Ariana Grande,12
user_0792,Katy Perry,38
user_0792,Dua Lipa,33
user_0792,Ed Sheeran,16
user_0793,Foo Fighters,111
user_0793,The Killers,44
user_0793,Imagine Dragons,47
user_0793,Green Day,74
user_0793,Maroon 5,80
user_0793,OneRepublic,58
user_0794,Bruno Mars,68
user_0794,Justin Bieber,117
user_0794,Ariana Grande,103
user_0794,Taylor Swift,64
user_0794,Katy Perry,111
user_0794,Dua Lipa,55
user_0794,Ed Sheeran,70
user_0794,Adele,88
user_0795,Taylor Swift,60
user_0795,Bruno Mars,23
user_0795,Justin Bieber,104
user_0795,Dua Lipa,31
user_0795,Ariana Grande,60
user_0795,Adele,40
user_0795,Ed Sheeran,49
user_0796,Kendrick Lamar,73
user_0796,J. Cole,52
user_0796,Travis Scott,40
user_0796,Eminem,102
user_0796,Cardi B,77
user_0796,Nicki Minaj,67
user_0797,Katy Perry,27
user_0797,Taylor Swift,106
user_0797,Dua Lipa,41
user_0797,Justin Bieber,32
user_0797,Ed Sheeran,94
user_0797,Ariana Grande,73
user_0797,Adele,34
user_0797,Bruno Mars,105
user_0797,Coldplay,6
user_0797,The Killers,21
user_0797,Maroon 5,17
user_0797,Imagine Dragons,28
user_0797,OneRepublic,23
user_0798,Zedd,81
user_0798,Calvin Harris,108
user_0798,David Guetta,33
user_0798,Avicii,55
user_0798,Kygo,115
user_0798,Alan Walker,35
user_0798,Ed Sheeran,27
user_0798,Bruno Mars,27
user_0798,Taylor Swift,20
user_0798,Justin Bieber,15
user_0798,Ariana Grande,14
user_0799,A.R. Rahman,32
user_0799,Sunidhi Chauhan,37
user_0799,Arijit Singh,87
user_0799,Pritam,34
user_0799,Badshah,33
user_0799,Sonu Nigam,60
user_0799,Neha Kakkar,98
user_0799,Imagine Dragons,12
user_0799,Green Day,9
user_0799,Foo Fighters,35
user_0799,Linkin Park,15
user_0799,Maroon 5,17
user_0800,Neha Kakkar,42
user_0800,Sonu Nigam,118
user_0800,Shreya Ghoshal,46
user_0800,Arijit Singh,104
user_0800,Pritam,30
user_0800,Badshah,80
user_0800,David Guetta,21
user_0800,Kygo,7
user_0800,Calvin Harris,18
user_0801,Linkin Park,30
user_0801,Foo Fighters,106
user_0801,Maroon 5,118
user_0801,OneRepublic,69
user_0801,Green Day,36
user_0801,Imagine Dragons,35
user_0801,The Killers,46
user_0801,Coldplay,89
user_0802,Ed Sheeran,25
user_0802,Adele,26
user_0802,Taylor Swift,50
user_0802,Dua Lipa,117
user_0802,Katy Perry,104
user_0802,Bruno Mars,113
user_0802,Pritam,5
user_0802,Arijit Singh,28
user_0802,Sonu Nigam,7
user_0802,Sunidhi Chauhan,14
user_0803,Kygo,31
user_0803,David Guetta,53
user_0803,Calvin Harris,25
user_0803,Martin Garrix,26
user_0803,Avicii,57
user_0803,Zedd,116
user_0803,Marshmello,38
user_0803,J. Cole,18
user_0803,Eminem,17
user_0803,Travis Scott,14
user_0803,Kendrick Lamar,39
user_0803,Cardi B,28
user_0804,Green Day,24
user_0804,OneRepublic,79
user_0804,Maroon 5,86
user_0804,Imagine Dragons,74
user_0804,Linkin Park,84
user_0804,Foo Fighters,110
user_0804,The Killers,32
user_0805,Travis Scott,62
user_0805,Eminem,40
user_0805,Cardi B,42
user_0805,Drake,30
user_0805,Post Malone,40
user_0805,J. Cole,98
user_0805,Kendrick Lamar,86
user_0805,Martin Garrix,27
user_0805,Avicii,15
user_0805,Alan Walker,30
user_0805,Calvin Harris,40
user_0805,Zedd,36
user_0806,Dua Lipa,75
user_0806,Ariana Grande,117
user_0806,Bruno Mars,99
user_0806,Taylor Swift,46
user_0806,Justin Bieber,120
user_0806,Adele,117
user_0806,Drake,35
user_0806,Post Malone,15
user_0806,Kendrick Lamar,38
user_0806,J. Cole,35
user_0806,Eminem,8
user_0807,A.R. Rahman,24
user_0807,Shreya Ghoshal,61
user_0807,Badshah,65
user_0807,Sonu Nigam,34
user_0807,Sunidhi Chauhan,25
user_0807,Arijit Singh,43
user_0807,Neha Kakkar,35
user_0807,Pritam,100
user_0807,David Guetta,11
user_0807,Martin Garrix,8
user_0807,Calvin Harris,18
user_0807,Marshmello,33
user_0807,Kygo,17
user_0808,Badshah,76
user_0808,Pritam,117
user_0808,Neha Kakkar,114
user_0808,A.R. Rahman,39
user_0808,Shreya Ghoshal,61
user_0808,Sonu Nigam,119
user_0808,Zedd,16
user_0808,Kygo,38
user_0808,David Guetta,25
user_0808,Martin Garrix,12
user_0808,Avicii,10
user_0809,Katy Perry,31
user_0809,Ed Sheeran,37
user_0809,Justin Bieber,41
user_0809,Ariana Grande,35
user_0809,Adele,33
user_0809,Bruno Mars,22
user_0809,Green Day,37
user_0809,OneRepublic,5
user_0809,Coldplay,25
user_0809,Maroon 5,29
user_0809,Linkin Park,10
user_0810,Dua Lipa,25
user_0810,Adele,107
user_0810,Ariana Grande,46
user_0810,Taylor Swift,50
user_0810,Katy Perry,78
user_0810,Bruno Mars,29
user_0810,Ed Sheeran,80
user_0810,Arijit Singh,39
user_0810,Sonu Nigam,38
user_0810,A.R. Rahman,24
user_0811,Bruno Mars,45
user_0811,Dua Lipa,41
user_0811,Justin Bieber,81
user_0811,Katy Perry,34
user_0811,Taylor Swift,28
user_0811,Adele,84
user_0811,Ariana Grande,73
user_0811,Ed Sheeran,22
user_0811,Coldplay,33
user_0811,OneRepublic,29
user_0811,Green Day,32
user_0811,Imagine Dragons,5
user_0812,Ariana Grande,57
user_0812,Ed Sheeran,57
user_0812,Adele,56
user_0812,Bruno Mars,115
user_0812,Taylor Swift,22
user_0812,Justin Bieber,84
user_0812,Dua Lipa,119
user_0812,Katy Perry,74
user_0812,Sunidhi Chauhan,35
user_0812,Sonu Nigam,29
user_0812,Pritam,20
user_0812,Badshah,32
user_0813,Justin Bieber,114
user_0813,Ariana Grande,59
user_0813,Dua Lipa,63
user_0813,Adele,98
user_0813,Ed Sheeran,39
user_0813,Bruno Mars,25
user_0813,Taylor Swift,62
user_0813,Katy Perry,83
user_0813,Pritam,8
user_0813,Badshah,18
user_0813,Shreya Ghoshal,36
user_0813,Sunidhi Chauhan,17
user_0813,A.R. Rahman,30
user_0814,OneRepublic,105
user_0814,Maroon 5,50
user_0814,Foo Fighters,36
user_0814,Coldplay,51
user_0814,Imagine Dragons,80
user_0814,Linkin Park,43
user_0814,The Killers,60
user_0814,Green Day,45
user_0814,Eminem,25
user_0814,Drake,13
user_0814,Post Malone,13
user_0814,Nicki Minaj,10
user_0815,Linkin Park,24
user_0815,Imagine Dragons,97
user_0815,Foo Fighters,59
user_0815,OneRepublic,83
user_0815,The Killers,37
user_0815,Maroon 5,51
user_0815,Green Day,81
user_0815,Calvin Harris,6
user_0815,Zedd,21
user_0815,Alan Walker,16
user_0815,Marshmello,7
user_0815,Martin Garrix,26
user_0816,Coldplay,69
user_0816,Imagine Dragons,104
user_0816,Maroon 5,108
user_0816,Linkin Park,46
user_0816,The Killers,20
user_0816,OneRepublic,101
user_0816,Foo Fighters,43
user_0816,Green Day,120
user_0817,Martin Garrix,61
user_0817,Zedd,28
user_0817,Kygo,20
user_0817,David Guetta,117
user_0817,Calvin Harris,43
user_0817,Marshmello,113
user_0817,Ed Sheeran,8
user_0817,Bruno Mars,23
user_0817,Ariana Grande,9
user_0817,Dua Lipa,23
user_0817,Katy Perry,36
user_0818,Ed Sheeran,108
user_0818,Justin Bieber,51
user_0818,Katy Perry,44
user_0818,Ariana Grande,103
user_0818,Adele,69
user_0818,Dua Lipa,78
user_0818,Taylor Swift,69
user_0818,Bruno Mars,80
user_0818,Green Day,15
user_0818,Coldplay,23
user_0818,OneRepublic,12
user_0818,Imagine Dragons,36
user_0819,Bruno Mars,103
user_0819,Justin Bieber,89
user_0819,Katy Perry,33
user_0819,Ed Sheeran,102
user_0819,Taylor Swift,111
user_0819,Ariana Grande,40
user_0819,Dua Lipa,56
user_0819,Neha Kakkar,14
user_0819,Arijit Singh,10
user_0819,A.R. Rahman,33
user_0819,Sunidhi Chauhan,8
user_0819,Sonu Nigam,16
user_0820,Katy Perry,55
user_0820,Adele,90
user_0820,Ed Sheeran,111
user_0820,Justin Bieber,35
user_0820,Dua Lipa,77
user_0820,Bruno Mars,112
user_0820,Taylor Swift,76
user_0820,Ariana Grande,110
user_0821,Marshmello,53
user_0821,Zedd,27
user_0821,Calvin Harris,89
user_0821,Kygo,76
user_0821,Avicii,85
user_0821,Martin Garrix,74
user_0821,Alan Walker,71
user_0821,Adele,29
user_0821,Bruno Mars,19
user_0821,Dua Lipa,5
user_0821,Katy Perry,11
user_0821,Justin Bieber,36
user_0822,Coldplay,116
user_0822,Green Day,82
user_0822,Maroon 5,96
user_0822,The Killers,64
user_0822,Linkin Park,71
user_0822,OneRepublic,64
user_0823,Arijit Singh,75
user_0823,Sunidhi Chauhan,25
user_0823,Neha Kakkar,78
user_0823,Pritam,109
user_0823,A.R. Rahman,68
user_0823,Badshah,77
user_0823,Sonu Nigam,97
user_0823,Shreya Ghoshal,64
user_0824,Badshah,21
user_0824,Arijit Singh,25
user_0824,Shreya Ghoshal,63
user_0824,Sunidhi Chauhan,99
user_0824,Pritam,99
user_0824,A.R. Rahman,101
user_0824,Sonu Nigam,91
user_0825,Taylor Swift,42
user_0825,Dua Lipa,42
user_0825,Bruno Mars,59
user_0825,Ed Sheeran,56
user_0825,Katy Perry,95
user_0825,Adele,114
user_0825,Justin Bieber,35
user_0825,Ariana Grande,52
user_0825,Post Malone,32
user_0825,Travis Scott,20
user_0825,Kendrick Lamar,22
user_0825,Cardi B,30
user_0826,Katy Perry,37
user_0826,Ariana Grande,106
user_0826,Justin Bieber,102
user_0826,Dua Lipa,35
user_0826,Taylor Swift,46
user_0826,Bruno Mars,66
user_0827,Eminem,98
user_0827,Cardi B,58
user_0827,Kendrick Lamar,68
user_0827,Post Malone,25
user_0827,Travis Scott,33
user_0827,Drake,120
user_0828,Marshmello,44
user_0828,Alan Walker,81
user_0828,Kygo,47
user_0828,Martin Garrix,98
user_0828,Avicii,65
user_0828,David Guetta,24
user_0828,Green Day,39
user_0828,The Killers,13
user_0828,OneRepublic,13
user_0829,Taylor Swift,99
user_0829,Dua Lipa,93
user_0829,Adele,116
user_0829,Justin Bieber,92
user_0829,Katy Perry,100
user_0829,Ed Sheeran,77
user_0829,Ariana Grande,61
user_0829,Bruno Mars,112
user_0829,Green Day,12
user_0829,Foo Fighters,30
user_0829,Imagine Dragons,37
user_0829,The Killers,18
user_0830,OneRepublic,89
user_0830,Green Day,44
user_0830,Maroon 5,44
user_0830,Foo Fighters,109
user_0830,Linkin Park,68
user_0830,Imagine Dragons,94
user_0830,The Killers,78
user_0830,Kygo,34
user_0830,Martin Garrix,31
user_0830,Avicii,31
user_0830,Calvin Harris,24
user_0830,Alan Walker,36
user_0831,Nicki Minaj,68
user_0831,Kendrick Lamar,116
user_0831,Post Malone,75
user_0831,J. Cole,103
user_0831,Cardi B,32
user_0831,Eminem,60
user_0831,Drake,38
user_0831,Travis Scott,25
user_0831,The Killers,12
user_0831,Foo Fighters,19
user_0831,Imagine Dragons,32
user_0831,Coldplay,25
user_0832,Coldplay,25
user_0832,The Killers,89
user_0832,Foo Fighters,96
user_0832,Green Day,70
user_0832,OneRepublic,23
user_0832,Imagine Dragons,77
user_0832,Maroon 5,98
user_0832,Sonu Nigam,14
user_0832,Shreya Ghoshal,8
user_0832,Neha Kakkar,29
user_0832,Sunidhi Chauhan,17
user_0832,A.R. Rahman,27
user_0833,Foo Fighters,77
user_0833,Linkin Park,58
user_0833,The Killers,114
user_0833,Green Day,120
user_0833,Coldplay,86
user_0833,Imagine Dragons,76
user_0833,OneRepublic,23
user_0833,Maroon 5,82
user_0834,Green Day,80
user_0834,The Killers,120
user_0834,OneRepublic,71
user_0834,Foo Fighters,107
user_0834,Linkin Park,37
user_0834,Coldplay,52
user_0835,Sunidhi Chauhan,42
user_0835,Arijit Singh,31
user_0835,Badshah,60
user_0835,Pritam,29
user_0835,Sonu Nigam,26
user_0835,Shreya Ghoshal,72
user_0835,J. Cole,17
user_0835,Nicki Minaj,24
user_0835,Travis Scott,16
user_0835,Drake,28
user_0835,Kendrick Lamar,22
user_0836,Travis Scott,77
user_0836,Drake,40
user_0836,Cardi B,92
user_0836,Nicki Minaj,85
user_0836,Post Malone,68
user_0836,Eminem,66
user_0836,J. Cole,80
user_0836,Kendrick Lamar,67
user_0836,Zedd,19
user_0836,Marshmello,25
user_0836,Avicii,35
user_0836,Alan Walker,35
user_0837,Taylor Swift,25
user_0837,Ariana Grande,114
user_0837,Justin Bieber,60
user_0837,Adele,100
user_0837,Katy Perry,98
user_0837,Bruno Mars,80
user_0837,Dua Lipa,95
user_0838,A.R. Rahman,111
user_0838,Badshah,75
user_0838,Shreya Ghoshal,80
user_0838,Arijit Singh,96
user_0838,Sunidhi Chauhan,44
user_0838,Sonu Nigam,74
user_0838,Neha Kakkar,98
user_0838,Pritam,98
user_0839,Dua Lipa,102
user_0839,Katy Perry,110
user_0839,Ed Sheeran,66
user_0839,Justin Bieber,66
user_0839,Ariana Grande,28
user_0839,Bruno Mars,28
user_0840,Shreya Ghoshal,112
user_0840,Arijit Singh,104
user_0840,Neha Kakkar,51
user_0840,Sunidhi Chauhan,25
user_0840,Pritam,35
user_0840,Badshah,99
user_0840,A.R. Rahman,54
user_0841,Alan Walker,83
user_0841,Avicii,112
user_0841,Martin Garrix,117
user_0841,Calvin Harris,108
user_0841,Zedd,66
user_0841,Kygo,93
user_0841,Marshmello,38
user_0841,Nicki Minaj,26
user_0841,Eminem,23
user_0841,J. Cole,40
user_0841,Travis Scott,8
user_0841,Cardi B,38
user_0842,Imagine Dragons,74
user_0842,Linkin Park,52
user_0842,Maroon 5,45
user_0842,Coldplay,106
user_0842,The Killers,43
user_0842,Green Day,116
user_0842,Foo Fighters,23
user_0843,Arijit Singh,40
user_0843,Sunidhi Chauhan,48
user_0843,A.R. Rahman,39
user_0843,Sonu Nigam,67
user_0843,Shreya Ghoshal,65
user_0843,Neha Kakkar,74
user_0843,Badshah,115
user_0843,Pritam,85
user_0843,Drake,34
user_0843,Eminem,38
user_0843,Kendrick Lamar,13
user_0844,Calvin Harris,94
user_0844,Martin Garrix,25
user_0844,Zedd,43
user_0844,Kygo,119
user_0844,Marshmello,91
user_0844,Avicii,76
user_0845,Ariana Grande,40
user_0845,Taylor Swift,93
user_0845,Bruno Mars,27
user_0845,Ed Sheeran,60
user_0845,Dua Lipa,89
user_0845,Katy Perry,113
user_0845,Adele,82
user_0845,Justin Bieber,118
user_0846,Eminem,111
user_0846,Kendrick Lamar,92
user_0846,Nicki Minaj,105
user_0846,Cardi B,89
user_0846,Drake,80
user_0846,J. Cole,37
user_0846,Travis Scott,120
user_0846,Alan Walker,39
user_0846,Zedd,10
user_0846,David Guetta,19
user_0846,Martin Garrix,25
user_0846,Marshmello,17
user_0847,Adele,26
user_0847,Taylor Swift,109
user_0847,Justin Bieber,67
user_0847,Bruno Mars,33
user_0847,Dua Lipa,37
user_0847,Ariana Grande,56
user_0847,Ed Sheeran,98
user_0847,Neha Kakkar,21
user_0847,Pritam,33
user_0847,A.R. Rahman,14
user_0847,Badshah,12
user_0847,Sonu Nigam,40
user_0848,Cardi B,28
user_0848,Drake,48
user_0848,Post Malone,82
user_0848,Eminem,54
user_0848,Travis Scott,92
user_0848,Kendrick Lamar,120
user_0848,J. Cole,82
user_0848,Ariana Grande,21
user_0848,Katy Perry,31
user_0848,Adele,27
user_0848,Justin Bieber,9
user_0849,Foo Fighters,84
user_0849,Imagine Dragons,23
user_0849,Green Day,105
user_0849,Linkin Park,26
user_0849,Coldplay,63
user_0849,OneRepublic,32
user_0849,Arijit Singh,20
user_0849,Shreya Ghoshal,10
user_0849,Neha Kakkar,18
user_0849,Sunidhi Chauhan,20
user_0849,A.R. Rahman,17
user_0850,Post Malone,77
user_0850,J. Cole,109
user_0850,Travis Scott,29
user_0850,Nicki Minaj,28
user_0850,Drake,114
user_0850,Eminem,81
user_0850,Cardi B,98
user_0850,Sonu Nigam,39
user_0850,A.R. Rahman,18
user_0850,Sunidhi Chauhan,25
user_0850,Neha Kakkar,20
user_0850,Arijit Singh,14
user_0851,Arijit Singh,84
user_0851,Sunidhi Chauhan,32
user_0851,A.R. Rahman,41
user_0851,Shreya Ghoshal,37
user_0851,Sonu Nigam,73
user_0851,Neha Kakkar,63
user_0851,Pritam,103
user_0851,Badshah,48
user_0851,Taylor Swift,8
user_0851,Dua Lipa,39
user_0851,Katy Perry,6
user_0851,Bruno Mars,17
user_0851,Justin Bieber,28
user_0852,Marshmello,110
user_0852,David Guetta,87
user_0852,Alan Walker,94
user_0852,Kygo,117
user_0852,Calvin Harris,42
user_0852,Zedd,79
user_0852,Martin Garrix,86
user_0852,Bruno Mars,17
user_0852,Justin Bieber,31
user_0852,Taylor Swift,13
user_0852,Ed Sheeran,38
user_0853,Imagine Dragons,114
user_0853,Foo Fighters,97
user_0853,OneRepublic,119
user_0853,Linkin Park,28
user_0853,The Killers,120
user_0853,Maroon 5,80
user_0853,Coldplay,100
user_0853,Green Day,106
user_0853,Avicii,19
user_0853,Zedd,13
user_0853,Alan Walker,38
user_0853,Kygo,40
user_0854,The Killers,101
user_0854,Coldplay,32
user_0854,OneRepublic,108
user_0854,Foo Fighters,60
user_0854,Imagine Dragons,24
user_0854,Green Day,119
user_0854,Linkin Park,98
user_0854,Maroon 5,102
user_0854,Ariana Grande,34
user_0854,Katy Perry,11
user_0854,Ed Sheeran,12
user_0854,Justin Bieber,27
user_0854,Adele,36
user_0855,OneRepublic,73
user_0855,Foo Fighters,77
user_0855,Maroon 5,60
user_0855,Linkin Park,95
user_0855,Imagine Dragons,74
user_0855,Green Day,41
user_0855,Coldplay,82
user_0855,Drake,28
user_0855,J. Cole,19
user_0855,Kendrick Lamar,14
user_0855,Nicki Minaj,6
user_0856,Avicii,34
user_0856,David Guetta,63
user_0856,Marshmello,23
user_0856,Calvin Harris,34
user_0856,Martin Garrix,60
user_0856,Alan Walker,26
user_0856,Zedd,100
user_0856,Kygo,78
user_0857,A.R. Rahman,88
user_0857,Neha Kakkar,61
user_0857,Pritam,37
user_0857,Arijit Singh,59
user_0857,Badshah,102
user_0857,Sonu Nigam,103
user_0857,Sunidhi Chauhan,51
user_0857,Shreya Ghoshal,100
user_0858,Justin Bieber,39
user_0858,Adele,44
user_0858,Dua Lipa,70
user_0858,Katy Perry,67
user_0858,Ariana Grande,25
user_0858,Ed Sheeran,111
user_0858,Arijit Singh,32
user_0858,A.R. Rahman,21
user_0858,Sunidhi Chauhan,7
user_0858,Shreya Ghoshal,28
user_0858,Pritam,27
user_0859,Cardi B,58
user_0859,Drake,24
user_0859,Post Malone,84
user_0859,Kendrick Lamar,28
user_0859,Eminem,53
user_0859,Travis Scott,82
user_0859,J. Cole,108
user_0859,Nicki Minaj,51
user_0859,Neha Kakkar,27
user_0859,Sunidhi Chauhan,27
user_0859,Arijit Singh,39
user_0860,Zedd,32
user_0860,Kygo,81
user_0860,Avicii,52
user_0860,David Guetta,56
user_0860,Alan Walker,80
user_0860,Calvin Harris,119
user_0860,Martin Garrix,78
user_0860,Marshmello,116
user_0861,David Guetta,49
user_0861,Zedd,28
user_0861,Alan Walker,63
user_0861,Avicii,22
user_0861,Martin Garrix,101
user_0861,Calvin Harris,49
user_0861,Kygo,94
user_0861,Marshmello,25
user_0861,Nicki Minaj,20
user_0861,J. Cole,10
user_0861,Post Malone,28
user_0861,Travis Scott,15
user_0862,Arijit Singh,34
user_0862,Sonu Nigam,27
user_0862,A.R. Rahman,47
user_0862,Badshah,116
user_0862,Neha Kakkar,119
user_0862,Shreya Ghoshal,28
user_0862,Sunidhi Chauhan,118
user_0862,Cardi B,13
user_0862,Drake,18
user_0862,J. Cole,28
user_0863,Post Malone,86
user_0863,Drake,66
user_0863,Nicki Minaj,99
user_0863,J. Cole,67
user_0863,Cardi B,51
user_0863,Eminem,52
user_0863,Calvin Harris,20
user_0863,Marshmello,40
user_0863,Zedd,26
user_0864,Avicii,79
user_0864,Marshmello,94
user_0864,Martin Garrix,113
user_0864,Zedd,92
user_0864,David Guetta,111
user_0864,Alan Walker,107
user_0864,Justin Bieber,31
user_0864,Bruno Mars,31
user_0864,Katy Perry,40
user_0864,Adele,33
user_0864,Ariana Grande,5
user_0865,The Killers,91
user_0865,Foo Fighters,75
user_0865,Green Day,61
user_0865,OneRepublic,70
user_0865,Imagine Dragons,34
user_0865,Linkin Park,38
user_0865,Martin Garrix,9
user_0865,Avicii,11
user_0865,Zedd,28
user_0866,Zedd,36
user_0866,Alan Walker,75
user_0866,Calvin Harris,85
user_0866,Avicii,115
user_0866,David Guetta,94
user_0866,Martin Garrix,80
user_0866,Marshmello,76
user_0866,Kygo,34
user_0867,Green Day,104
user_0867,Maroon 5,56
user_0867,OneRepublic,110
user_0867,Coldplay,119
user_0867,Linkin Park,85
user_0867,The Killers,54
user_0867,Foo Fighters,80
user_0867,Imagine Dragons,87
user_0867,Ariana Grande,14
user_0867,Dua Lipa,17
user_0867,Taylor Swift,34
user_0867,Katy Perry,14
user_0867,Adele,24
user_0868,David Guetta,114
user_0868,Zedd,31
user_0868,Kygo,21
user_0868,Marshmello,41
user_0868,Alan Walker,30
user_0868,Calvin Harris,66
user_0868,Martin Garrix,85
user_0868,Ariana Grande,36
user_0868,Adele,25
user_0868,Dua Lipa,21
user_0869,Martin Garrix,112
user_0869,Marshmello,104
user_0869,Zedd,42
user_0869,Alan Walker,107
user_0869,Calvin Harris,78
user_0869,Avicii,30
user_0869,Kygo,97
user_0869,David Guetta,36
user_0870,Drake,112
user_0870,Cardi B,66
user_0870,J. Cole,34
user_0870,Eminem,74
user_0870,Kendrick Lamar,88
user_0870,Nicki Minaj,118
user_0870,Travis Scott,31
user_0870,Alan Walker,33
user_0870,Marshmello,16
user_0870,David Guetta,21
user_0871,Foo Fighters,93
user_0871,Maroon 5,24
user_0871,Green Day,83
user_0871,Imagine Dragons,73
user_0871,Linkin Park,117
user_0871,The Killers,94
user_0871,OneRepublic,111
user_0871,Ariana Grande,6
user_0871,Justin Bieber,10
user_0871,Adele,31
user_0871,Ed Sheeran,31
user_0872,Travis Scott,94
user_0872,Cardi B,36
user_0872,Eminem,88
user_0872,Post Malone,47
user_0872,Kendrick Lamar,47
user_0872,Nicki Minaj,28
user_0872,J. Cole,95
user_0872,Zedd,32
user_0872,Calvin Harris,15
user_0872,David Guetta,24
user_0872,Avicii,27
user_0873,Kendrick Lamar,56
user_0873,Drake,86
user_0873,Nicki Minaj,108
user_0873,Post Malone,53
user_0873,Eminem,113
user_0873,Travis Scott,71
user_0873,J. Cole,101
user_0873,Cardi B,26
user_0874,Green Day,111
user_0874,The Killers,101
user_0874,Imagine Dragons,98
user_0874,Foo Fighters,27
user_0874,Maroon 5,117
user_0874,Linkin Park,69
user_0874,Coldplay,94
user_0874,Adele,40
user_0874,Bruno Mars,8
user_0874,Justin Bieber,14
user_0874,Ariana Grande,32
user_0874,Ed Sheeran,18
user_0875,Maroon 5,71
user_0875,OneRepublic,31
user_0875,The Killers,29
user_0875,Coldplay,61
user_0875,Foo Fighters,67
user_0875,Green Day,107
user_0876,Taylor Swift,85
user_0876,Bruno Mars,99
user_0876,Ariana Grande,68
user_0876,Ed Sheeran,66
user_0876,Justin Bieber,31
user_0876,Katy Perry,37
user_0876,Adele,102
user_0876,Linkin Park,7
user_0876,Green Day,29
user_0876,Coldplay,26
user_0877,Foo Fighters,79
user_0877,Linkin Park,21
user_0877,OneRepublic,39
user_0877,Imagine Dragons,29
user_0877,Maroon 5,61
user_0877,The Killers,65
user_0877,Green Day,74
user_0877,Coldplay,96
user_0878,The Killers,97
user_0878,Linkin Park,101
user_0878,Imagine Dragons,105
user_0878,Coldplay,28
user_0878,Maroon 5,29
user_0878,Foo Fighters,57
user_0878,OneRepublic,64
user_0879,Travis Scott,53
user_0879,J. Cole,120
user_0879,Eminem,73
user_0879,Drake,34
user_0879,Kendrick Lamar,24
user_0879,Post Malone,59
user_0879,Cardi B,26
user_0879,Linkin Park,32
user_0879,Coldplay,12
user_0879,OneRepublic,40
user_0880,Arijit Singh,81
user_0880,Neha Kakkar,97
user_0880,A.R. Rahman,82
user_0880,Sunidhi Chauhan,32
user_0880,Shreya Ghoshal,41
user_0880,Pritam,98
user_0880,Sonu Nigam,44
user_0880,Badshah,87
user_0880,The Killers,20
user_0880,Imagine Dragons,29
user_0880,Linkin Park,5
user_0880,Green Day,23
user_0880,Coldplay,24
user_0881,The Killers,90
user_0881,Green Day,47
user_0881,OneRepublic,113
user_0881,Maroon 5,85
user_0881,Linkin Park,69
user_0881,Foo Fighters,38
user_0882,Adele,22
user_0882,Bruno Mars,76
user_0882,Ed Sheeran,47
user_0882,Katy Perry,102
user_0882,Justin Bieber,69
user_0882,Taylor Swift,105
user_0882,Travis Scott,36
user_0882,Drake,12
user_0882,Post Malone,7
user_0882,J. Cole,7
user_0882,Cardi B,8
user_0883,J. Cole,55
user_0883,Travis Scott,96
user_0883,Cardi B,84
user_0883,Post Malone,92
user_0883,Eminem,85
user_0883,Kendrick Lamar,50
user_0883,Katy Perry,26
user_0883,Adele,6
user_0883,Bruno Mars,38
user_0883,Ed Sheeran,13
user_0883,Dua Lipa,29
user_0884,Alan Walker,22
user_0884,Zedd,44
user_0884,Marshmello,22
user_0884,Calvin Harris,30
user_0884,Kygo,20
user_0884,David Guetta,87
user_0884,Cardi B,28
user_0884,J. Cole,34
user_0884,Kendrick Lamar,20
user_0884,Travis Scott,8
user_0885,Calvin Harris,29
user_0885,Martin Garrix,85
user_0885,David Guetta,99
user_0885,Avicii,38
user_0885,Zedd,45
user_0885,Alan Walker,100
user_0885,Marshmello,29
user_0885,Kygo,64
user_0885,Neha Kakkar,30
user_0885,Sonu Nigam,8
user_0885,Arijit Singh,21
user_0885,Shreya Ghoshal,6
user_0886,Green Day,33
user_0886,Maroon 5,109
user_0886,Foo Fighters,25
user_0886,Coldplay,74
user_0886,Imagine Dragons,118
user_0886,Linkin Park,53
user_0886,The Killers,74
user_0886,OneRepublic,27
user_0887,Martin Garrix,102
user_0887,Alan Walker,104
user_0887,Avicii,102
user_0887,Zedd,28
user_0887,Calvin Harris,62
user_0887,Kygo,95
user_0887,Neha Kakkar,21
user_0887,Sonu Nigam,31
user_0887,Sunidhi Chauhan,16
user_0888,Travis Scott,111
user_0888,Drake,21
user_0888,Post Malone,34
user_0888,Cardi B,71
user_0888,J. Cole,38
user_0888,Nicki Minaj,72
user_0888,Kendrick Lamar,55
user_0888,Eminem,41
user_0889,Martin Garrix,30
user_0889,Alan Walker,50
user_0889,Marshmello,80
user_0889,Avicii,101
user_0889,Calvin Harris,76
user_0889,Zedd,69
user_0889,Nicki Minaj,20
user_0889,Drake,33
user_0889,J. Cole,10
user_0890,Ariana Grande,107
user_0890,Ed Sheeran,64
user_0890,Bruno Mars,23
user_0890,Justin Bieber,92
user_0890,Katy Perry,55
user_0890,Adele,114
user_0891,Nicki Minaj,79
user_0891,Cardi B,56
user_0891,J. Cole,109
user_0891,Eminem,105
user_0891,Kendrick Lamar,67
user_0891,Post Malone,91
user_0891,Drake,37
user_0891,Travis Scott,120
user_0892,Maroon 5,52
user_0892,Coldplay,103
user_0892,Foo Fighters,31
user_0892,Green Day,30
user_0892,The Killers,26
user_0892,Linkin Park,71
user_0892,Taylor Swift,35
user_0892,Ed Sheeran,12
user_0892,Ariana Grande,35
user_0892,Adele,38
user_0892,Dua Lipa,23
user_0893,A.R. Rahman,49
user_0893,Neha Kakkar,71
user_0893,Arijit Singh,118
user_0893,Sonu Nigam,89
user_0893,Sunidhi Chauhan,75
user_0893,Badshah,101
user_0893,Pritam,37
user_0893,The Killers,21
user_0893,Foo Fighters,27
user_0893,Linkin Park,5
user_0893,Green Day,36
user_0894,Cardi B,29
user_0894,Kendrick Lamar,100
user_0894,Drake,57
user_0894,Nicki Minaj,75
user_0894,J. Cole,75
user_0894,Post Malone,118
user_0894,Travis Scott,52
user_0894,Eminem,58
user_0894,Martin Garrix,10
user_0894,Alan Walker,24
user_0894,David Guetta,21
user_0894,Calvin Harris,16
user_0895,Ed Sheeran,103
user_0895,Dua Lipa,23
user_0895,Taylor Swift,42
user_0895,Justin Bieber,40
user_0895,Bruno Mars,83
user_0895,Ariana Grande,44
user_0895,Adele,59
user_0895,Arijit Singh,21
user_0895,Sonu Nigam,39
user_0895,A.R. Rahman,13
user_0896,J. Cole,73
user_0896,Kendrick Lamar,24
user_0896,Drake,26
user_0896,Travis Scott,93
user_0896,Nicki Minaj,113
user_0896,Post Malone,90
user_0896,Cardi B,64
user_0896,OneRepublic,33
user_0896,Imagine Dragons,25
user_0896,Coldplay,22
user_0897,A.R. Rahman,100
user_0897,Sunidhi Chauhan,94
user_0897,Arijit Singh,70
user_0897,Shreya Ghoshal,82
user_0897,Sonu Nigam,76
user_0897,Badshah,43
user_0897,Neha Kakkar,77
user_0897,Marshmello,25
user_0897,Calvin Harris,27
user_0897,Martin Garrix,39
user_0898,Martin Garrix,51
user_0898,Zedd,69
user_0898,Avicii,115
user_0898,Alan Walker,76
user_0898,Kygo,23
user_0898,Marshmello,47
user_0899,J. Cole,31
user_0899,Nicki Minaj,110
user_0899,Post Malone,45
user_0899,Eminem,30
user_0899,Travis Scott,94
user_0899,Drake,37
user_0899,Kendrick Lamar,57
user_0899,Cardi B,55
user_0899,Sunidhi Chauhan,16
user_0899,Shreya Ghoshal,29
user_0899,Arijit Singh,15
user_0900,Sonu Nigam,76
user_0900,Neha Kakkar,40
user_0900,Arijit Singh,42
user_0900,A.R. Rahman,49
user_0900,Shreya Ghoshal,66
user_0900,Sunidhi Chauhan,35
user_0900,Badshah,101
user_0900,Pritam,87
user_0900,Zedd,30
user_0900,Calvin Harris,12
user_0900,Kygo,38
user_0900,David Guetta,11
user_0901,Coldplay,114
user_0901,Imagine Dragons,31
user_0901,The Killers,29
user_0901,Maroon 5,65
user_0901,OneRepublic,35
user_0901,Green Day,69
user_0901,Pritam,15
user_0901,Badshah,28
user_0901,Neha Kakkar,19
user_0901,Shreya Ghoshal,35
user_0901,Sonu Nigam,23
user_0902,Foo Fighters,64
user_0902,Maroon 5,49
user_0902,OneRepublic,98
user_0902,The Killers,74
user_0902,Green Day,20
user_0902,Imagine Dragons,83
user_0902,Linkin Park,70
user_0902,Coldplay,78
user_0902,Katy Perry,31
user_0902,Dua Lipa,31
user_0902,Bruno Mars,39
user_0902,Adele,9
user_0902,Ariana Grande,18
user_0903,Kygo,45
user_0903,Calvin Harris,82
user_0903,Martin Garrix,57
user_0903,David Guetta,94
user_0903,Avicii,29
user_0903,Alan Walker,48
user_0903,Zedd,85
user_0904,Alan Walker,50
user_0904,Kygo,78
user_0904,David Guetta,92
user_0904,Avicii,32
user_0904,Marshmello,43
user_0904,Zedd,96
user_0904,J. Cole,11
user_0904,Cardi B,14
user_0904,Post Malone,12
user_0904,Drake,34
user_0904,Travis Scott,11
user_0905,Maroon 5,56
user_0905,Foo Fighters,55
user_0905,The Killers,31
user_0905,OneRepublic,120
user_0905,Coldplay,22
user_0905,Imagine Dragons,34
user_0905,Bruno Mars,36
user_0905,Taylor Swift,36
user_0905,Ed Sheeran,14
user_0905,Katy Perry,11
user_0906,Dua Lipa,93
user_0906,Adele,36
user_0906,Ariana Grande,68
user_0906,Bruno Mars,114
user_0906,Ed Sheeran,35
user_0906,Katy Perry,35
user_0906,Justin Bieber,115
user_0906,Taylor Swift,98
user_0906,J. Cole,11
user_0906,Eminem,23
user_0906,Cardi B,8
user_0906,Travis Scott,33
user_0906,Nicki Minaj,12
user_0907,Calvin Harris,42
user_0907,Zedd,83
user_0907,Marshmello,87
user_0907,Alan Walker,72
user_0907,David Guetta,60
user_0907,Martin Garrix,26
user_0907,Drake,23
user_0907,Kendrick Lamar,18
user_0907,Post Malone,19
user_0908,Kygo,113
user_0908,Avicii,93
user_0908,Zedd,47
user_0908,Calvin Harris,81
user_0908,Martin Garrix,66
user_0908,Alan Walker,53
user_0908,Cardi B,14
user_0908,Nicki Minaj,20
user_0908,J. Cole,35
user_0908,Drake,22
user_0908,Travis Scott,29
user_0909,Badshah,110
user_0909,Pritam,75
user_0909,Arijit Singh,77
user_0909,Sonu Nigam,25
user_0909,Shreya Ghoshal,41
user_0909,A.R. Rahman,27
user_0909,J. Cole,14
user_0909,Travis Scott,21
user_0909,Cardi B,30
user_0909,Post Malone,15
user_0909,Eminem,6
user_0910,Bruno Mars,87
user_0910,Ed Sheeran,97
user_0910,Ariana Grande,49
user_0910,Adele,110
user_0910,Taylor Swift,104
user_0910,Justin Bieber,99
user_0910,Dua Lipa,68
user_0910,Katy Perry,113
user_0911,David Guetta,31
user_0911,Avicii,108
user_0911,Zedd,70
user_0911,Marshmello,25
user_0911,Kygo,103
user_0911,Martin Garrix,115
user_0911,J. Cole,36
user_0911,Nicki Minaj,35
user_0911,Post Malone,14
user_0911,Cardi B,8
user_0911,Drake,14
user_0912,Green Day,86
user_0912,OneRepublic,67
user_0912,Coldplay,46
user_0912,Linkin Park,45
user_0912,The Killers,23
user_0912,Foo Fighters,106
user_0912,Maroon 5,105
user_0912,Imagine Dragons,76
user_0912,Post Malone,40
user_0912,Kendrick Lamar,14
user_0912,Cardi B,26
user_0913,Linkin Park,91
user_0913,Imagine Dragons,37
user_0913,Coldplay,34
user_0913,The Killers,56
user_0913,Maroon 5,53
user_0913,OneRepublic,34
user_0914,Zedd,32
user_0914,Kygo,20
user_0914,Marshmello,119
user_0914,David Guetta,86
user_0914,Calvin Harris,65
user_0914,Avicii,40
user_0914,Martin Garrix,79
user_0914,Alan Walker,74
user_0914,Badshah,6
user_0914,Neha Kakkar,5
user_0914,Arijit Singh,33
user_0914,A.R. Rahman,13
user_0915,Martin Garrix,116
user_0915,Calvin Harris,116
user_0915,David Guetta,82
user_0915,Zedd,105
user_0915,Alan Walker,51
user_0915,Kygo,117
user_0915,Avicii,115
user_0915,Marshmello,32
user_0915,Pritam,14
user_0915,Neha Kakkar,16
user_0915,Sunidhi Chauhan,16
user_0915,Shreya Ghoshal,24
user_0915,A.R. Rahman,28
user_0916,Ariana Grande,70
user_0916,Taylor Swift,88
user_0916,Justin Bieber,39
user_0916,Ed Sheeran,76
user_0916,Adele,96
user_0916,Dua Lipa,98
user_0916,Bruno Mars,42
user_0916,Katy Perry,25
user_0917,Coldplay,60
user_0917,Foo Fighters,86
user_0917,The Killers,86
user_0917,Linkin Park,79
user_0917,Imagine Dragons,110
user_0917,OneRepublic,39
user_0917,Badshah,28
user_0917,Shreya Ghoshal,15
user_0917,Pritam,16
user_0918,Bruno Mars,29
user_0918,Katy Perry,81
user_0918,Adele,56
user_0918,Justin Bieber,55
user_0918,Dua Lipa,44
user_0918,Taylor Swift,110
user_0918,Zedd,15
user_0918,Alan Walker,39
user_0918,Kygo,29
user_0919,Adele,105
user_0919,Bruno Mars,37
user_0919,Taylor Swift,115
user_0919,Ed Sheeran,100
user_0919,Katy Perry,62
user_0919,Justin Bieber,113
user_0919,Dua Lipa,76
user_0919,Ariana Grande,89
user_0919,Sunidhi Chauhan,40
user_0919,Pritam,36
user_0919,Arijit Singh,18
user_0920,Alan Walker,28
user_0920,Marshmello,76
user_0920,Martin Garrix,82
user_0920,Zedd,89
user_0920,Calvin Harris,62
user_0920,David Guetta,29
user_0920,Taylor Swift,11
user_0920,Dua Lipa,39
user_0920,Katy Perry,9
user_0920,Justin Bieber,38
user_0920,Ed Sheeran,9
user_0921,Adele,57
user_0921,Ed Sheeran,67
user_0921,Ariana Grande,71
user_0921,Bruno Mars,82
user_0921,Dua Lipa,42
user_0921,Katy Perry,59
user_0921,Taylor Swift,74
user_0921,Justin Bieber,105
user_0921,Kendrick Lamar,33
user_0921,Cardi B,30
user_0921,Nicki Minaj,29
user_0921,J. Cole,18
user_0922,Neha Kakkar,117
user_0922,Sunidhi Chauhan,81
user_0922,Sonu Nigam,26
user_0922,Shreya Ghoshal,56
user_0922,Pritam,111
user_0922,A.R. Rahman,25
user_0922,Badshah,81
user_0923,Sonu Nigam,116
user_0923,A.R. Rahman,108
user_0923,Sunidhi Chauhan,47
user_0923,Pritam,85
user_0923,Shreya Ghoshal,95
user_0923,Badshah,71
user_0923,Neha Kakkar,71
user_0923,J. Cole,39
user_0923,Post Malone,7
user_0923,Eminem,11
user_0924,Foo Fighters,87
user_0924,The Killers,100
user_0924,Linkin Park,20
user_0924,Coldplay,73
user_0924,OneRepublic,85
user_0924,Imagine Dragons,20
user_0924,Green Day,93
user_0924,Arijit Singh,24
user_0924,Badshah,28
user_0924,A.R. Rahman,18
user_0924,Neha Kakkar,15
user_0924,Sunidhi Chauhan,27
user_0925,The Killers,76
user_0925,Linkin Park,75
user_0925,Coldplay,35
user_0925,OneRepublic,85
user_0925,Maroon 5,60
user_0925,Green Day,35
user_0925,Imagine Dragons,71
user_0925,Foo Fighters,90
user_0925,Justin Bieber,10
user_0925,Ariana Grande,12
user_0925,Adele,36
user_0926,Imagine Dragons,86
user_0926,Linkin Park,65
user_0926,Foo Fighters,98
user_0926,Maroon 5,83
user_0926,Coldplay,96
user_0926,The Killers,93
user_0926,A.R. Rahman,32
user_0926,Shreya Ghoshal,31
user_0926,Pritam,38
user_0926,Neha Kakkar,13
user_0927,Kygo,61
user_0927,Alan Walker,20
user_0927,Martin Garrix,68
user_0927,Calvin Harris,105
user_0927,Avicii,34
user_0927,Marshmello,34
user_0927,Foo Fighters,35
user_0927,OneRepublic,34
user_0927,Green Day,16
user_0927,Imagine Dragons,38
user_0927,The Killers,6
user_0928,OneRepublic,111
user_0928,Linkin Park,44
user_0928,Foo Fighters,84
user_0928,Imagine Dragons,35
user_0928,Green Day,38
user_0928,Coldplay,62
user_0928,The Killers,100
user_0928,Sunidhi Chauhan,27
user_0928,Sonu Nigam,15
user_0928,Shreya Ghoshal,24
user_0928,A.R. Rahman,13
user_0928,Badshah,11
user_0929,Dua Lipa,61
user_0929,Ed Sheeran,74
user_0929,Katy Perry,22
user_0929,Bruno Mars,21
user_0929,Taylor Swift,100
user_0929,Justin Bieber,42
user_0929,J. Cole,10
user_0929,Drake,29
user_0929,Travis Scott,20
user_0929,Nicki Minaj,5
user_0929,Cardi B,33
user_0930,Avicii,101
user_0930,Zedd,50
user_0930,Martin Garrix,43
user_0930,Calvin Harris,103
user_0930,Alan Walker,96
user_0930,Kygo,83
user_0930,Marshmello,118
user_0930,David Guetta,30
user_0930,Taylor Swift,20
user_0930,Justin Bieber,28
user_0930,Ed Sheeran,30
user_0930,Dua Lipa,39
user_0930,Ariana Grande,26
user_0931,Calvin Harris,21
user_0931,Kygo,33
user_0931,David Guetta,106
user_0931,Marshmello,115
user_0931,Zedd,95
user_0931,Martin Garrix,53
user_0931,Kendrick Lamar,14
user_0931,Travis Scott,24
user_0931,Cardi B,5
user_0931,J. Cole,11
user_0931,Drake,23
user_0932,Martin Garrix,74
user_0932,Calvin Harris,86
user_0932,Alan Walker,96
user_0932,Zedd,110
user_0932,Avicii,81
user_0932,Kygo,76
user_0932,Marshmello,27
user_0932,David Guetta,84
user_0932,Adele,19
user_0932,Ariana Grande,6
user_0932,Ed Sheeran,12
user_0933,Kygo,47
user_0933,Alan Walker,91
user_0933,Calvin Harris,98
user_0933,Zedd,47
user_0933,Avicii,46
user_0933,Marshmello,50
user_0934,Kygo,92
user_0934,Calvin Harris,84
user_0934,Alan Walker,116
user_0934,David Guetta,71
user_0934,Martin Garrix,20
user_0934,Avicii,110
user_0934,Marshmello,88
user_0934,Sunidhi Chauhan,25
user_0934,Arijit Singh,11
user_0934,Pritam,19
user_0934,Shreya Ghoshal,24
user_0935,Katy Perry,53
user_0935,Adele,53
user_0935,Taylor Swift,94
user_0935,Ed Sheeran,68
user_0935,Bruno Mars,59
user_0935,Dua Lipa,99
user_0935,Foo Fighters,6
user_0935,Maroon 5,7
user_0935,Coldplay,30
user_0935,Imagine Dragons,8
user_0935,Linkin Park,5
user_0936,Coldplay,27
user_0936,Imagine Dragons,22
user_0936,Maroon 5,64
user_0936,OneRepublic,25
user_0936,Green Day,54
user_0936,Linkin Park,40
user_0936,The Killers,116
user_0936,Foo Fighters,86
user_0936,Kygo,32
user_0936,Zedd,20
user_0936,Martin Garrix,22
user_0937,Linkin Park,57
user_0937,Green Day,66
user_0937,Coldplay,82
user_0937,Imagine Dragons,70
user_0937,The Killers,63
user_0937,Foo Fighters,116
user_0937,OneRepublic,108
user_0937,Travis Scott,38
user_0937,Eminem,40
user_0937,Nicki Minaj,26
user_0938,Justin Bieber,73
user_0938,Bruno Mars,98
user_0938,Taylor Swift,80
user_0938,Dua Lipa,20
user_0938,Adele,63
user_0938,Ed Sheeran,46
user_0939,Dua Lipa,115
user_0939,Taylor Swift,46
user_0939,Katy Perry,38
user_0939,Justin Bieber,101
user_0939,Ed Sheeran,75
user_0939,Adele,62
user_0940,Linkin Park,107
user_0940,Green Day,118
user_0940,The Killers,112
user_0940,OneRepublic,86
user_0940,Imagine Dragons,36
user_0940,Maroon 5,29
user_0940,Coldplay,61
user_0940,Foo Fighters,68
user_0940,Marshmello,8
user_0940,Alan Walker,29
user_0940,Avicii,28
user_0940,Martin Garrix,36
user_0941,Post Malone,49
user_0941,Kendrick Lamar,56
user_0941,J. Cole,103
user_0941,Travis Scott,73
user_0941,Eminem,88
user_0941,Drake,52
user_0941,Nicki Minaj,82
user_0941,Cardi B,69
user_0941,Calvin Harris,29
user_0941,Martin Garrix,10
user_0941,Marshmello,32
user_0941,Kygo,10
user_0941,Avicii,34
user_0942,Justin Bieber,104
user_0942,Taylor Swift,23
user_0942,Dua Lipa,115
user_0942,Ariana Grande,89
user_0942,Bruno Mars,103
user_0942,Ed Sheeran,68
user_0942,Maroon 5,14
user_0942,Foo Fighters,25
user_0942,Green Day,28
user_0942,The Killers,15
user_0943,Drake,63
user_0943,Post Malone,94
user_0943,J. Cole,96
user_0943,Kendrick Lamar,28
user_0943,Cardi B,48
user_0943,Eminem,82
user_0943,The Killers,27
user_0943,Green Day,24
user_0943,Coldplay,22
user_0943,OneRepublic,22
user_0943,Linkin Park,7
user_0944,Nicki Minaj,117
user_0944,Travis Scott,85
user_0944,Kendrick Lamar,21
user_0944,Eminem,45
user_0944,Drake,95
user_0944,Cardi B,90
user_0944,J. Cole,94
user_0944,Post Malone,43
user_0944,Alan Walker,32
user_0944,Calvin Harris,12
user_0944,David Guetta,25
user_0945,Ed Sheeran,85
user_0945,Adele,40
user_0945,Ariana Grande,48
user_0945,Bruno Mars,61
user_0945,Katy Perry,32
user_0945,Dua Lipa,32
user_0945,Kygo,20
user_0945,Zedd,25
user_0945,Calvin Harris,34
user_0945,Martin Garrix,13
user_0946,Linkin Park,74
user_0946,Green Day,29
user_0946,Maroon 5,83
user_0946,The Killers,56
user_0946,Imagine Dragons,67
user_0946,Coldplay,22
user_0946,Drake,29
user_0946,J. Cole,14
user_0946,Travis Scott,36
user_0946,Eminem,10
user_0946,Kendrick Lamar,37
user_0947,Marshmello,59
user_0947,Alan Walker,80
user_0947,Zedd,83
user_0947,Kygo,68
user_0947,David Guetta,114
user_0947,Calvin Harris,78
user_0948,Cardi B,30
user_0948,J. Cole,108
user_0948,Eminem,116
user_0948,Post Malone,102
user_0948,Kendrick Lamar,99
user_0948,Nicki Minaj,68
user_0948,Travis Scott,44
user_0948,Martin Garrix,29
user_0948,Avicii,12
user_0948,David Guetta,30
user_0948,Zedd,5
user_0948,Alan Walker,36
user_0949,Marshmello,120
user_0949,Martin Garrix,48
user_0949,David Guetta,100
user_0949,Zedd,44
user_0949,Calvin Harris,120
user_0949,Alan Walker,97
user_0949,Kygo,83
user_0949,Avicii,26
user_0950,A.R. Rahman,94
user_0950,Arijit Singh,72
user_0950,Sunidhi Chauhan,22
user_0950,Shreya Ghoshal,27
user_0950,Badshah,27
user_0950,Pritam,117
user_0950,Neha Kakkar,70
user_0950,Ed Sheeran,21
user_0950,Katy Perry,13
user_0950,Justin Bieber,16
user_0951,Taylor Swift,51
user_0951,Katy Perry,110
user_0951,Justin Bieber,65
user_0951,Ed Sheeran,94
user_0951,Dua Lipa,72
user_0951,Ariana Grande,97
user_0951,Bruno Mars,108
user_0951,Adele,62
user_0951,David Guetta,17
user_0951,Calvin Harris,6
user_0951,Kygo,39
user_0952,Shreya Ghoshal,65
user_0952,Pritam,37
user_0952,Neha Kakkar,52
user_0952,Badshah,33
user_0952,Arijit Singh,87
user_0952,Sunidhi Chauhan,118
user_0952,Eminem,30
user_0952,Post Malone,17
user_0952,Drake,30
user_0952,Cardi B,6
user_0953,Travis Scott,85
user_0953,Nicki Minaj,45
user_0953,J. Cole,114
user_0953,Post Malone,118
user_0953,Cardi B,23
user_0953,Kendrick Lamar,37
user_0953,Pritam,39
user_0953,Sonu Nigam,37
user_0953,Shreya Ghoshal,29
user_0953,Arijit Singh,26
user_0953,A.R. Rahman,22
user_0954,Bruno Mars,107
user_0954,Ed Sheeran,94
user_0954,Dua Lipa,111
user_0954,Adele,87
user_0954,Taylor Swift,104
user_0954,Katy Perry,37
user_0955,Neha Kakkar,76
user_0955,Arijit Singh,49
user_0955,Badshah,87
user_0955,Sonu Nigam,116
user_0955,A.R. Rahman,66
user_0955,Pritam,22
user_0955,Shreya Ghoshal,105
user_0955,Dua Lipa,21
user_0955,Bruno Mars,5
user_0955,Justin Bieber,26
user_0955,Ariana Grande,36
user_0955,Taylor Swift,34
user_0956,Linkin Park,75
user_0956,OneRepublic,56
user_0956,Maroon 5,56
user_0956,Foo Fighters,116
user_0956,Coldplay,40
user_0956,The Killers,96
user_0956,Imagine Dragons,120
user_0956,Green Day,106
user_0956,David Guetta,23
user_0956,Zedd,9
user_0956,Alan Walker,39
user_0956,Marshmello,18
user_0956,Kygo,26
user_0957,Badshah,23
user_0957,Arijit Singh,44
user_0957,A.R. Rahman,64
user_0957,Shreya Ghoshal,83
user_0957,Sonu Nigam,110
user_0957,Pritam,34
user_0957,Neha Kakkar,84
user_0957,Bruno Mars,39
user_0957,Adele,33
user_0957,Justin Bieber,33
user_0957,Ariana Grande,7
user_0958,A.R. Rahman,114
user_0958,Neha Kakkar,77
user_0958,Badshah,113
user_0958,Pritam,22
user_0958,Sonu Nigam,94
user_0958,Arijit Singh,68
user_0958,Sunidhi Chauhan,67
user_0958,Kendrick Lamar,33
user_0958,Post Malone,32
user_0958,Eminem,39
user_0959,Badshah,78
user_0959,Pritam,52
user_0959,Shreya Ghoshal,76
user_0959,Neha Kakkar,33
user_0959,Sunidhi Chauhan,45
user_0959,Arijit Singh,118
user_0959,Ed Sheeran,30
user_0959,Katy Perry,25
user_0959,Ariana Grande,15
user_0959,Bruno Mars,24
user_0960,Sonu Nigam,70
user_0960,Badshah,91
user_0960,Shreya Ghoshal,99
user_0960,Arijit Singh,86
user_0960,A.R. Rahman,101
user_0960,Neha Kakkar,87
user_0960,Pritam,98
user_0960,Sunidhi Chauhan,64
user_0960,Martin Garrix,34
user_0960,Alan Walker,24
user_0960,Calvin Harris,20
user_0961,Travis Scott,38
user_0961,Kendrick Lamar,79
user_0961,Drake,62
user_0961,Post Malone,32
user_0961,Eminem,119
user_0961,J. Cole,80
user_0961,Cardi B,29
user_0962,A.R. Rahman,46
user_0962,Neha Kakkar,96
user_0962,Pritam,54
user_0962,Arijit Singh,61
user_0962,Sunidhi Chauhan,74
user_0962,Sonu Nigam,117
user_0962,Badshah,27
user_0962,Katy Perry,11
user_0962,Justin Bieber,24
user_0962,Bruno Mars,10
user_0962,Taylor Swift,29
user_0962,Ariana Grande,27
user_0963,OneRepublic,24
user_0963,Imagine Dragons,77
user_0963,Linkin Park,115
user_0963,Coldplay,120
user_0963,Maroon 5,48
user_0963,Green Day,57
user_0963,Zedd,21
user_0963,Martin Garrix,28
user_0963,Calvin Harris,11
user_0963,David Guetta,14
user_0963,Marshmello,19
user_0964,Ed Sheeran,57
user_0964,Ariana Grande,51
user_0964,Katy Perry,102
user_0964,Justin Bieber,67
user_0964,Bruno Mars,93
user_0964,Taylor Swift,93
user_0964,Drake,17
user_0964,Kendrick Lamar,31
user_0964,Eminem,15
user_0964,Travis Scott,28
user_0965,Coldplay,39
user_0965,Maroon 5,63
user_0965,Linkin Park,91
user_0965,OneRepublic,110
user_0965,Green Day,64
user_0965,Imagine Dragons,27
user_0965,Foo Fighters,61
user_0965,The Killers,84
user_0966,Drake,79
user_0966,Nicki Minaj,110
user_0966,Kendrick Lamar,91
user_0966,Post Malone,117
user_0966,J. Cole,62
user_0966,Cardi B,28
user_0967,Martin Garrix,39
user_0967,David Guetta,34
user_0967,Avicii,24
user_0967,Marshmello,70
user_0967,Zedd,30
user_0967,Calvin Harris,78
user_0967,Alan Walker,63
user_0967,Kygo,84
user_0967,Katy Perry,38
user_0967,Taylor Swift,32
user_0967,Ed Sheeran,33
user_0968,Nicki Minaj,33
user_0968,Travis Scott,52
user_0968,Cardi B,30
user_0968,J. Cole,20
user_0968,Drake,59
user_0968,Eminem,82
user_0968,Kendrick Lamar,57
user_0968,Post Malone,24
user_0968,Coldplay,14
user_0968,Imagine Dragons,6
user_0968,Linkin Park,37
user_0968,The Killers,28
user_0968,Maroon 5,30
user_0969,Sunidhi Chauhan,109
user_0969,Neha Kakkar,46
user_0969,Arijit Singh,66
user_0969,Pritam,112
user_0969,A.R. Rahman,52
user_0969,Shreya Ghoshal,83
user_0969,Badshah,23
user_0969,Marshmello,28
user_0969,Avicii,34
user_0969,Zedd,37
user_0969,Martin Garrix,40
user_0970,Zedd,46
user_0970,Avicii,53
user_0970,Martin Garrix,112
user_0970,Marshmello,106
user_0970,Kygo,25
user_0970,Alan Walker,28
user_0970,Calvin Harris,29
user_0970,A.R. Rahman,27
user_0970,Sonu Nigam,22
user_0970,Shreya Ghoshal,38
user_0971,Nicki Minaj,52
user_0971,Post Malone,78
user_0971,Cardi B,106
user_0971,J. Cole,75
user_0971,Eminem,53
user_0971,Kendrick Lamar,77
user_0972,Drake,59
user_0972,Nicki Minaj,74
user_0972,Cardi B,97
user_0972,Eminem,33
user_0972,Travis Scott,68
user_0972,Kendrick Lamar,40
user_0973,Taylor Swift,33
user_0973,Ariana Grande,62
user_0973,Justin Bieber,119
user_0973,Dua Lipa,94
user_0973,Katy Perry,92
user_0973,Ed Sheeran,107
user_0973,Adele,81
user_0973,Bruno Mars,86
user_0973,Sonu Nigam,8
user_0973,A.R. Rahman,5
user_0973,Badshah,15
user_0973,Arijit Singh,32
user_0974,Post Malone,112
user_0974,Kendrick Lamar,120
user_0974,Travis Scott,68
user_0974,Cardi B,78
user_0974,Nicki Minaj,58
user_0974,Drake,98
user_0975,Maroon 5,22
user_0975,Linkin Park,32
user_0975,Coldplay,61
user_0975,Imagine Dragons,48
user_0975,The Killers,50
user_0975,OneRepublic,97
user_0975,Pritam,30
user_0975,Neha Kakkar,13
user_0975,Sunidhi Chauhan,33
user_0976,Avicii,96
user_0976,Calvin Harris,96
user_0976,Alan Walker,39
user_0976,David Guetta,90
user_0976,Kygo,97
user_0976,Marshmello,119
user_0976,Martin Garrix,92
user_0976,Zedd,56
user_0976,Drake,23
user_0976,Nicki Minaj,36
user_0976,J. Cole,33
user_0976,Post Malone,18
user_0977,J. Cole,117
user_0977,Post Malone,57
user_0977,Cardi B,115
user_0977,Travis Scott,56
user_0977,Kendrick Lamar,82
user_0977,Drake,71
user_0977,Nicki Minaj,119
user_0977,Eminem,75
user_0977,A.R. Rahman,20
user_0977,Sonu Nigam,8
user_0977,Badshah,18
user_0977,Arijit Singh,14
user_0978,Maroon 5,73
user_0978,Green Day,65
user_0978,OneRepublic,113
user_0978,Coldplay,100
user_0978,Foo Fighters,117
user_0978,Imagine Dragons,48
user_0978,Linkin Park,105
user_0978,The Killers,41
user_0978,Sonu Nigam,16
user_0978,Shreya Ghoshal,32
user_0978,Sunidhi Chauhan,32
user_0979,Neha Kakkar,106
user_0979,Shreya Ghoshal,66
user_0979,A.R. Rahman,36
user_0979,Badshah,43
user_0979,Sonu Nigam,102
user_0979,Arijit Singh,116
user_0979,Katy Perry,30
user_0979,Bruno Mars,7
user_0979,Ed Sheeran,7
user_0980,Ariana Grande,109
user_0980,Katy Perry,97
user_0980,Adele,60
user_0980,Bruno Mars,55
user_0980,Justin Bieber,30
user_0980,Taylor Swift,103
user_0980,Dua Lipa,119
user_0980,Ed Sheeran,70
user_0980,Pritam,39
user_0980,Sonu Nigam,22
user_0980,Shreya Ghoshal,36
user_0980,A.R. Rahman,12
user_0981,OneRepublic,41
user_0981,Linkin Park,33
user_0981,Imagine Dragons,73
user_0981,The Killers,99
user_0981,Green Day,46
user_0981,Coldplay,82
user_0981,Foo Fighters,21
user_0982,Dua Lipa,111
user_0982,Bruno Mars,78
user_0982,Taylor Swift,25
user_0982,Ariana Grande,83
user_0982,Katy Perry,84
user_0982,Ed Sheeran,80
user_0982,Justin Bieber,92
user_0982,Pritam,6
user_0982,Neha Kakkar,39
user_0982,Arijit Singh,7
user_0983,The Killers,23
user_0983,OneRepublic,51
user_0983,Imagine Dragons,93
user_0983,Maroon 5,26
user_0983,Green Day,120
user_0983,Foo Fighters,36
user_0983,Coldplay,100
user_0983,Nicki Minaj,18
user_0983,Kendrick Lamar,26
user_0983,J. Cole,16
user_0983,Cardi B,40
user_0983,Travis Scott,11
user_0984,Foo Fighters,38
user_0984,OneRepublic,116
user_0984,Green Day,79
user_0984,Maroon 5,48
user_0984,The Killers,47
user_0984,Coldplay,22
user_0984,Linkin Park,40
user_0984,Imagine Dragons,106
user_0984,Ariana Grande,34
user_0984,Ed Sheeran,17
user_0984,Taylor Swift,27
user_0984,Justin Bieber,31
user_0985,Post Malone,55
user_0985,Nicki Minaj,20
user_0985,Eminem,78
user_0985,Cardi B,90
user_0985,Drake,87
user_0985,Travis Scott,46
user_0985,Coldplay,10
user_0985,Green Day,16
user_0985,Imagine Dragons,5
user_0986,Zedd,62
user_0986,Marshmello,97
user_0986,Avicii,63
user_0986,Calvin Harris,113
user_0986,Kygo,56
user_0986,Martin Garrix,43
user_0986,Neha Kakkar,38
user_0986,Badshah,15
user_0986,A.R. Rahman,34
user_0987,Drake,61
user_0987,Post Malone,72
user_0987,J. Cole,41
user_0987,Kendrick Lamar,108
user_0987,Eminem,83
user_0987,Cardi B,47
user_0987,Travis Scott,64
user_0987,Nicki Minaj,31
user_0988,Ed Sheeran,44
user_0988,Justin Bieber,69
user_0988,Dua Lipa,92
user_0988,Katy Perry,73
user_0988,Ariana Grande,44
user_0988,Taylor Swift,116
user_0989,David Guetta,109
user_0989,Zedd,117
user_0989,Alan Walker,58
user_0989,Calvin Harris,38
user_0989,Kygo,47
user_0989,Marshmello,33
user_0989,Justin Bieber,23
user_0989,Katy Perry,33
user_0989,Adele,31
user_0989,Ariana Grande,30
user_0990,Justin Bieber,99
user_0990,Ed Sheeran,25
user_0990,Ariana Grande,114
user_0990,Adele,100
user_0990,Taylor Swift,58
user_0990,Bruno Mars,65
user_0990,Dua Lipa,27
user_0990,Katy Perry,114
user_0990,J. Cole,28
user_0990,Post Malone,25
user_0990,Kendrick Lamar,24
user_0990,Cardi B,18
user_0991,Katy Perry,83
user_0991,Adele,34
user_0991,Taylor Swift,57
user_0991,Bruno Mars,51
user_0991,Dua Lipa,42
user_0991,Justin Bieber,33
user_0991,Ed Sheeran,86
user_0991,Ariana Grande,96
user_0991,Linkin Park,27
user_0991,Green Day,34
user_0991,Maroon 5,40
user_0991,OneRepublic,8
user_0991,Foo Fighters,27
user_0992,Sunidhi Chauhan,120
user_0992,Arijit Singh,105
user_0992,Shreya Ghoshal,108
user_0992,A.R. Rahman,102
user_0992,Pritam,96
user_0992,Sonu Nigam,93
user_0992,OneRepublic,39
user_0992,Foo Fighters,29
user_0992,Maroon 5,28
user_0992,Coldplay,19
user_0992,Linkin Park,25
user_0993,Pritam,45
user_0993,Badshah,37
user_0993,A.R. Rahman,73
user_0993,Shreya Ghoshal,115
user_0993,Sunidhi Chauhan,66
user_0993,Sonu Nigam,111
user_0994,Kendrick Lamar,114
user_0994,Eminem,62
user_0994,Travis Scott,77
user_0994,Nicki Minaj,35
user_0994,Cardi B,89
user_0994,J. Cole,120
user_0994,Drake,80
user_0995,Drake,56
user_0995,Eminem,81
user_0995,Nicki Minaj,29
user_0995,J. Cole,106
user_0995,Post Malone,83
user_0995,Travis Scott,20
user_0995,Cardi B,21
user_0995,Taylor Swift,13
user_0995,Justin Bieber,13
user_0995,Katy Perry,19
user_0995,Dua Lipa,28
user_0996,Badshah,63
user_0996,Arijit Singh,35
user_0996,Pritam,69
user_0996,Shreya Ghoshal,116
user_0996,Neha Kakkar,65
user_0996,A.R. Rahman,94
user_0996,Sonu Nigam,64
user_0996,Kendrick Lamar,28
user_0996,Eminem,12
user_0996,Travis Scott,18
user_0996,Nicki Minaj,26
user_0996,J. Cole,38
user_0997,Bruno Mars,70
user_0997,Ed Sheeran,86
user_0997,Ariana Grande,81
user_0997,Katy Perry,50
user_0997,Dua Lipa,95
user_0997,Adele,120
user_0997,Taylor Swift,114
user_0997,Justin Bieber,89
user_0998,Travis Scott,47
user_0998,Eminem,51
user_0998,Kendrick Lamar,89
user_0998,Post Malone,70
user_0998,Nicki Minaj,33
user_0998,Drake,60
user_0999,Post Malone,97
user_0999,Nicki Minaj,50
user_0999,Eminem,67
user_0999,Kendrick Lamar,86
user_0999,Cardi B,113
user_0999,J. Cole,102
user_0999,Travis Scott,48
user_0999,Ed Sheeran,27
user_0999,Bruno Mars,24
user_0999,Taylor Swift,11
user_0999,Ariana Grande,6
user_1000,Dua Lipa,101
user_1000,Taylor Swift,84
user_1000,Bruno Mars,109
user_1000,Adele,83
user_1000,Ed Sheeran,29
user_1000,Ariana Grande,85
user_1000,Katy Perry,30
